epoch,avail,du_t,tasks
1791424980.524,3379912704,531134940,{}
1791424981.024,3379912704,531134940,{}
1791424981.524,3379912704,531134940,{}
1791424982.024,3379912704,531134940,{}
1791424982.524,3379912704,531134940,{}
1791424983.024,3379912704,531134940,{}
1791424983.524,3379912704,531134940,{}
1791424984.024,3379912704,531134940,{}
1791424984.524,3379912704,531134940,{}
1791424985.024,3379912704,531134940,{}
1791424985.524,3379912704,531134940,{}
1791424986.024,3379912704,531134940,{}
1791424986.524,3379912704,531134940,{}
1791424987.024,3379912704,531134940,{}
1791424987.524,3379912704,531134940,{}
1791424988.024,3379912704,531134940,{}
1791424988.524,3379912704,531134940,{}
1791424989.024,3379912704,531134940,{}
1791424989.524,3379912704,531134940,{}
1791424990.024,3379912704,531134940,{}
1791424990.524,3379912704,531134940,{}
1791424991.024,3379912704,531134940,{}
1791424991.524,3379912704,531134940,{}
1791424992.024,3379912704,531134940,{}
1791424992.524,3379912704,531134940,{}
1791424993.024,3379912704,531134940,{}
1791424993.524,3379912704,531134940,{}
1791424994.024,3379912704,531134940,{}
1791424994.524,3379912704,531134940,{}
1791424995.024,3379912704,531134940,{}
1791424995.524,3379912704,531134940,{}
1791424996.024,3379912704,531134940,{}
1791424996.524,3379912704,531134940,{}
1791424997.024,3379912704,531134940,{}
1791424997.524,3379912704,531134940,{}
1791424998.024,3379912704,531134940,{}
1791424998.524,3379912704,531134940,{}
1791424999.024,3379912704,531134940,{}
1791424999.524,3379912704,531134940,{}
1791425000.024,3379912704,531134940,{}
1791425000.524,3379912704,531134940,{}
1791425001.024,3379912704,531134940,{}
1791425001.524,3379912704,531134940,{}
1791425002.024,3379912704,531134940,{}
1791425002.524,3379912704,531134940,{}
1791425003.024,3379912704,531134940,{}
1791425003.524,3379912704,531134940,{}
1791425004.024,3379912704,531134940,{}
1791425004.524,3379912704,531134940,{}
1791425005.024,3379912704,531134940,{}
1791425005.524,3379912704,531134940,{}
1791425006.024,3379912704,531134940,{}
1791425006.524,3379912704,531134940,{}
1791425007.024,3379912704,531134940,{}
1791425007.524,3379912704,531134940,{}
1791425008.024,3379912704,531134940,{}
1791425008.524,3379912704,531134940,{}
1791425009.024,3379912704,531134940,{}
1791425009.524,3379912704,531134940,{}
1791425010.024,3379912704,531134940,{}
1791425010.524,3379912704,531134940,{}
1791425011.024,3379912704,531134940,{}
1791425011.524,3379912704,531134940,{}
1791425012.024,3379912704,531134940,{}
1791425012.524,3379912704,531134940,{}
1791425013.024,3379912704,531134940,{}
1791425013.524,3379912704,531134940,{}
1791425014.024,3379912704,531134940,{}
1791425014.524,3379912704,531134940,{}
1791425015.024,3379912704,531134940,{}
1791425015.524,3379912704,531134940,{}
1791425016.024,3379912704,531134940,{}
1791425016.524,3379912704,531134940,{}
1791425017.024,3379912704,531134940,{}
1791425017.524,3379912704,531134940,{}
1791425018.024,3379912704,531134940,{}
1791425018.524,3379912704,531134940,{}
1791425019.024,3379912704,531134940,{}
1791425019.524,3379912704,531134940,{}
1791425020.024,3379912704,531134940,{}
1791425020.524,3379912704,531134940,{}
1791425021.024,3379912704,531134940,{}
1791425021.524,3379912704,531134940,{}
1791425022.024,3379912704,531134940,{}
1791425022.524,3379912704,531134940,{}
1791425023.024,3379912704,531134940,{}
1791425023.524,3379912704,531134940,{}
1791425024.024,3379912704,531134940,{}
1791425024.524,3379912704,531134940,{}
1791425025.024,3379912704,531134940,{}
1791425025.524,3379912704,531134940,{}
1791425026.024,3379912704,531134940,{}
1791425026.524,3379912704,531134940,{}
1791425027.024,3379912704,531134940,{}
1791425027.524,3379912704,531134940,{}
1791425028.024,3379912704,531134940,{}
1791425028.524,3379912704,531134940,{}
1791425029.024,3379912704,531134940,{}
1791425029.524,3379912704,531134940,{}
1791425030.024,3379912704,531134940,{}
1791425030.524,3379912704,531134940,{}
1791425031.024,3379912704,531134940,{}
1791425031.524,3379912704,531134940,{}
1791425032.024,3379912704,531134940,{}
1791425032.524,3374264320,536811067,"{""t"": [5406970, 395474638, 397146479, ""major compaction""]}"
1791425033.024,3349520384,561554788,"{""t"": [30124150, 395474638, 397146479, ""major compaction""]}"
1791425033.524,3302551552,608574344,"{""t"": [76468914, 395474638, 397146479, ""major compaction""]}"
1791425034.024,3238141952,673015768,"{""t"": [140579055, 395474638, 397146479, ""major compaction""]}"
1791425034.524,3182186496,728853760,"{""t"": [196192741, 395474638, 397146479, ""major compaction""]}"
1791425035.024,3148574720,762514298,"{""t"": [229663868, 395474638, 397146479, ""major compaction""]}"
1791425035.524,3114934272,796174419,"{""t"": [263135015, 395474638, 397146479, ""major compaction""]}"
1791425036.024,3081322496,829785413,"{""t"": [296348698, 395474638, 397146479, ""major compaction""]}"
1791425036.524,3047694336,863363968,"{""t"": [329819767, 395474638, 397146479, ""major compaction""]}"
1791425037.024,3014033408,897090552,"{""t"": [363290942, 395474638, 397146479, ""major compaction""]}"
1791425037.524,2981900288,929142306,"{""t"": [395474637, 395474638, 397146479, ""major compaction""]}"
1791425038.024,2981896192,929142306,"{""t"": [395474637, 395474638, 397146479, ""major compaction""]}"
1791425038.524,3380006912,531119014,{}
1791425039.024,3380006912,531119014,{}
1791425039.524,3380006912,531119014,{}
1791425040.024,3380006912,531119014,{}
1791425040.524,3380006912,531119014,{}
1791425041.024,3380006912,531119014,{}
1791425041.524,3380006912,531119014,{}
1791425042.024,3380006912,531119014,{}
1791425042.524,3380006912,531119014,{}
1791425043.024,3380006912,531119014,{}
1791425043.524,3380006912,531119014,{}
1791425044.024,3380006912,531119014,{}
1791425044.524,3380006912,531119014,{}
1791425045.024,3380006912,531119014,{}
1791425045.524,3380006912,531119014,{}
1791425046.024,3380006912,531119014,{}
1791425046.524,3380006912,531119014,{}
