phase,ms,MemoryUsed,Count,NMT_Other_KB,TotalHints,HintsInProgress
control,1790803101245,50190380,180,65412,0,0
A,1790803115914,227270919,305,1549068,51424,95
B,1790803122362,227270919,305,,,15
B,1790803127348,227270919,306,,,95
B,1790803132386,227266121,305,,,95
B,1790803137358,227266121,303,,,159
B,1790803142509,227254282,303,,,94
B,1790803147403,227254282,303,,,159
B,1790803152309,227254282,303,,,95
B,1790803157388,227254282,303,,,95
B,1790803162314,227254282,303,,,159
B,1790803167439,227254282,303,,,95
B,1790803172445,227254282,303,,,159
B,1790803177405,227254282,303,,,95
B,1790803182545,227254282,303,,,95
Bend,1790803186937,227254282,303,1549042,192840,95
release,1790803198735,227254282,303,1549042,201600,0
