ms,links,link_bytes,link_alloc_bytes,idx_files,idx_bytes,other_files,gap_ms
1790870949888,2,67108864,69632,0,0,0,0
1790870949938,2,67108864,69632,0,0,0,50
1790870949988,2,67108864,69632,0,0,0,50
1790870950038,2,67108864,69632,0,0,0,50
1790870950088,2,67108864,69632,0,0,0,50
1790870950138,2,67108864,69632,0,0,0,50
1790870950188,2,67108864,69632,0,0,0,50
1790870950238,2,67108864,69632,0,0,0,50
1790870950288,2,67108864,69632,0,0,0,50
1790870950338,2,67108864,69632,0,0,0,50
1790870950388,2,67108864,69632,0,0,0,50
1790870950438,2,67108864,69632,0,0,0,50
1790870950488,2,67108864,69632,0,0,0,50
1790870950538,2,67108864,69632,0,0,0,50
1790870950588,2,67108864,69632,0,0,0,50
1790870950638,2,67108864,69632,0,0,0,50
1790870950688,2,67108864,69632,0,0,0,50
1790870950738,2,67108864,69632,0,0,0,50
1790870950788,2,67108864,69632,0,0,0,50
1790870950838,2,67108864,69632,0,0,0,50
1790870950888,2,67108864,69632,0,0,0,50
1790870950938,2,67108864,69632,0,0,0,50
1790870950988,2,67108864,69632,0,0,0,50
1790870951038,2,67108864,69632,0,0,0,50
1790870951088,2,67108864,69632,0,0,0,50
1790870951138,2,67108864,69632,0,0,0,50
1790870951188,2,67108864,69632,0,0,0,50
1790870951238,2,67108864,69632,0,0,0,50
1790870951288,2,67108864,69632,0,0,0,50
1790870951338,2,67108864,69632,0,0,0,50
1790870951388,2,67108864,69632,0,0,0,50
1790870951438,2,67108864,69632,0,0,0,50
1790870951488,2,67108864,69632,0,0,0,50
1790870951538,2,67108864,69632,0,0,0,50
1790870951588,2,67108864,69632,0,0,0,50
1790870951638,2,67108864,69632,0,0,0,50
1790870951688,2,67108864,69632,0,0,0,50
1790870951738,2,67108864,69632,0,0,0,50
1790870951788,2,67108864,69632,0,0,0,50
1790870951838,2,67108864,69632,0,0,0,50
1790870951888,2,67108864,69632,0,0,0,50
1790870951938,2,67108864,69632,0,0,0,50
1790870951988,2,67108864,69632,0,0,0,50
1790870952038,2,67108864,69632,0,0,0,50
1790870952088,2,67108864,69632,0,0,0,50
1790870952138,2,67108864,69632,0,0,0,50
1790870952188,2,67108864,69632,0,0,0,50
1790870952238,2,67108864,69632,0,0,0,50
1790870952288,2,67108864,69632,0,0,0,50
1790870952338,2,67108864,69632,0,0,0,50
1790870952388,2,67108864,69632,0,0,0,50
1790870952438,2,67108864,69632,0,0,0,50
1790870952488,2,67108864,69632,0,0,0,50
1790870952538,2,67108864,69632,0,0,0,50
1790870952588,2,67108864,69632,0,0,0,50
1790870952638,2,67108864,69632,0,0,0,50
1790870952688,2,67108864,69632,0,0,0,50
1790870952738,2,67108864,69632,0,0,0,50
1790870952788,2,67108864,69632,0,0,0,50
1790870952838,2,67108864,69632,0,0,0,50
1790870952888,2,67108864,69632,0,0,0,50
1790870952938,2,67108864,69632,0,0,0,50
1790870952988,2,67108864,69632,0,0,0,50
1790870953038,2,67108864,69632,0,0,0,50
1790870953088,2,67108864,69632,0,0,0,50
1790870953138,2,67108864,69632,0,0,0,50
1790870953188,2,67108864,69632,0,0,0,50
1790870953238,2,67108864,69632,0,0,0,50
1790870953288,2,67108864,69632,0,0,0,50
1790870953338,2,67108864,69632,0,0,0,50
1790870953388,2,67108864,69632,0,0,0,50
1790870953438,2,67108864,69632,0,0,0,50
1790870953488,2,67108864,69632,0,0,0,50
1790870953538,2,67108864,69632,0,0,0,50
1790870953588,2,67108864,69632,0,0,0,50
1790870953638,2,67108864,69632,0,0,0,50
1790870953688,2,67108864,69632,0,0,0,50
1790870953738,2,67108864,69632,0,0,0,50
1790870953788,2,67108864,69632,0,0,0,50
1790870953838,2,67108864,69632,0,0,0,50
1790870953888,2,67108864,69632,0,0,0,50
1790870953938,2,67108864,69632,0,0,0,50
1790870953988,2,67108864,69632,0,0,0,50
1790870954038,2,67108864,69632,0,0,0,50
1790870954088,2,67108864,69632,0,0,0,50
1790870954138,2,67108864,69632,0,0,0,50
1790870954188,2,67108864,69632,0,0,0,50
1790870954238,2,67108864,69632,0,0,0,50
1790870954288,2,67108864,69632,0,0,0,50
1790870954338,2,67108864,69632,0,0,0,50
1790870954388,2,67108864,69632,0,0,0,50
1790870954438,2,67108864,69632,0,0,0,50
1790870954488,2,67108864,69632,0,0,0,50
1790870954538,2,67108864,69632,0,0,0,50
1790870954588,2,67108864,69632,0,0,0,50
1790870954638,2,67108864,69632,0,0,0,50
1790870954688,2,67108864,69632,0,0,0,50
1790870954738,2,67108864,69632,0,0,0,50
1790870954788,2,67108864,69632,0,0,0,50
1790870954838,2,67108864,69632,0,0,0,50
1790870954888,2,67108864,69632,0,0,0,50
1790870954938,2,67108864,69632,0,0,0,50
1790870954988,2,67108864,69632,0,0,0,50
1790870955038,2,67108864,69632,0,0,0,50
1790870955088,2,67108864,69632,0,0,0,50
1790870955138,2,67108864,69632,0,0,0,50
1790870955188,2,67108864,69632,0,0,0,50
1790870955238,2,67108864,69632,0,0,0,50
1790870955288,2,67108864,69632,0,0,0,50
1790870955338,2,67108864,69632,0,0,0,50
1790870955388,2,67108864,69632,0,0,0,50
1790870955438,2,67108864,69632,0,0,0,50
1790870955488,2,67108864,69632,0,0,0,50
1790870955538,2,67108864,69632,0,0,0,50
1790870955588,2,67108864,69632,0,0,0,50
1790870955638,2,67108864,69632,0,0,0,50
1790870955688,2,67108864,69632,0,0,0,50
1790870955738,2,67108864,69632,0,0,0,50
1790870955788,2,67108864,69632,0,0,0,50
1790870955838,2,67108864,69632,0,0,0,50
1790870955888,2,67108864,69632,0,0,0,50
1790870955938,2,67108864,69632,0,0,0,50
1790870955988,2,67108864,69632,0,0,0,50
1790870956038,2,67108864,69632,0,0,0,50
1790870956088,2,67108864,69632,0,0,0,50
1790870956138,2,67108864,69632,0,0,0,50
1790870956188,2,67108864,69632,0,0,0,50
1790870956238,2,67108864,69632,0,0,0,50
1790870956288,2,67108864,69632,0,0,0,50
1790870956338,2,67108864,69632,0,0,0,50
1790870956388,2,67108864,69632,0,0,0,50
1790870956438,2,67108864,69632,0,0,0,50
1790870956488,2,67108864,69632,0,0,0,50
1790870956538,2,67108864,69632,0,0,0,50
1790870956588,2,67108864,69632,0,0,0,50
1790870956638,2,67108864,69632,0,0,0,50
1790870956688,2,67108864,69632,0,0,0,50
1790870956738,2,67108864,69632,0,0,0,50
1790870956788,2,67108864,69632,0,0,0,50
1790870956838,2,67108864,69632,0,0,0,50
1790870956888,2,67108864,69632,0,0,0,50
1790870956938,2,67108864,69632,0,0,0,50
1790870956988,2,67108864,69632,0,0,0,50
1790870957038,2,67108864,69632,0,0,0,50
1790870957088,2,67108864,69632,0,0,0,50
1790870957138,2,67108864,69632,0,0,0,50
1790870957188,2,67108864,69632,0,0,0,50
1790870957238,2,67108864,69632,0,0,0,50
1790870957288,2,67108864,69632,0,0,0,50
1790870957338,2,67108864,69632,0,0,0,50
1790870957388,2,67108864,69632,0,0,0,50
1790870957438,2,67108864,69632,0,0,0,50
1790870957488,2,67108864,69632,0,0,0,50
1790870957538,2,67108864,69632,0,0,0,50
1790870957588,2,67108864,69632,0,0,0,50
1790870957638,2,67108864,69632,0,0,0,50
1790870957688,2,67108864,69632,0,0,0,50
1790870957738,2,67108864,69632,0,0,0,50
1790870957788,2,67108864,69632,0,0,0,50
1790870957838,2,67108864,69632,0,0,0,50
1790870957888,2,67108864,69632,0,0,0,50
1790870957938,2,67108864,69632,0,0,0,50
1790870957988,2,67108864,69632,0,0,0,50
1790870958038,2,67108864,69632,0,0,0,50
1790870958088,2,67108864,69632,0,0,0,50
1790870958138,2,67108864,69632,0,0,0,50
1790870958188,2,67108864,69632,0,0,0,50
1790870958238,2,67108864,69632,0,0,0,50
1790870958288,2,67108864,69632,0,0,0,50
1790870958338,2,67108864,69632,0,0,0,50
1790870958388,2,67108864,69632,0,0,0,50
1790870958438,2,67108864,69632,0,0,0,50
1790870958488,2,67108864,69632,0,0,0,50
1790870958538,2,67108864,69632,0,0,0,50
1790870958588,2,67108864,69632,0,0,0,50
1790870958638,2,67108864,69632,0,0,0,50
1790870958688,2,67108864,69632,0,0,0,50
1790870958738,2,67108864,69632,0,0,0,50
1790870958788,2,67108864,69632,0,0,0,50
1790870958838,2,67108864,69632,0,0,0,50
1790870958888,2,67108864,69632,0,0,0,50
1790870958938,2,67108864,69632,0,0,0,50
1790870958988,2,67108864,69632,0,0,0,50
1790870959038,2,67108864,69632,0,0,0,50
1790870959088,2,67108864,69632,0,0,0,50
1790870959138,2,67108864,69632,0,0,0,50
1790870959188,2,67108864,69632,0,0,0,50
1790870959238,2,67108864,69632,0,0,0,50
1790870959288,2,67108864,69632,0,0,0,50
1790870959338,2,67108864,69632,0,0,0,50
1790870959388,2,67108864,69632,0,0,0,50
1790870959438,2,67108864,69632,0,0,0,50
1790870959488,2,67108864,69632,0,0,0,50
1790870959538,2,67108864,69632,0,0,0,50
1790870959588,2,67108864,69632,0,0,0,50
1790870959638,2,67108864,69632,0,0,0,50
1790870959688,2,67108864,69632,0,0,0,50
1790870959738,2,67108864,69632,0,0,0,50
1790870959788,2,67108864,69632,0,0,0,50
1790870959838,2,67108864,69632,0,0,0,50
1790870959888,2,67108864,69632,0,0,0,50
1790870959938,2,67108864,69632,0,0,0,50
1790870959988,2,67108864,69632,0,0,0,50
1790870960038,2,67108864,69632,0,0,0,50
1790870960088,2,67108864,69632,0,0,0,50
1790870960138,2,67108864,69632,0,0,0,50
1790870960188,2,67108864,69632,0,0,0,50
1790870960238,2,67108864,69632,0,0,0,50
1790870960288,2,67108864,69632,0,0,0,50
1790870960338,2,67108864,69632,0,0,0,50
1790870960388,2,67108864,69632,0,0,0,50
1790870960438,2,67108864,69632,0,0,0,50
1790870960488,2,67108864,69632,0,0,0,50
1790870960538,2,67108864,69632,0,0,0,50
1790870960588,2,67108864,69632,0,0,0,50
1790870960638,2,67108864,69632,0,0,0,50
1790870960688,2,67108864,69632,0,0,0,50
1790870960738,2,67108864,69632,0,0,0,50
1790870960788,2,67108864,69632,0,0,0,50
1790870960838,2,67108864,69632,0,0,0,50
1790870960888,2,67108864,69632,0,0,0,50
1790870960938,2,67108864,69632,0,0,0,50
1790870960988,2,67108864,69632,0,0,0,50
1790870961038,2,67108864,69632,0,0,0,50
1790870961088,2,67108864,69632,0,0,0,50
1790870961138,2,67108864,69632,0,0,0,50
1790870961188,2,67108864,69632,0,0,0,50
1790870961238,2,67108864,69632,0,0,0,50
1790870961288,2,67108864,69632,0,0,0,50
1790870961338,2,67108864,69632,0,0,0,50
1790870961388,2,67108864,69632,0,0,0,50
1790870961438,2,67108864,69632,0,0,0,50
1790870961488,2,67108864,69632,0,0,0,50
1790870961538,2,67108864,69632,0,0,0,50
1790870961588,2,67108864,69632,0,0,0,50
1790870961638,2,67108864,69632,0,0,0,50
1790870961688,2,67108864,69632,0,0,0,50
1790870961738,2,67108864,69632,0,0,0,50
1790870961788,2,67108864,69632,0,0,0,50
1790870961838,2,67108864,69632,0,0,0,50
1790870961888,2,67108864,69632,0,0,0,50
1790870961938,2,67108864,69632,0,0,0,50
1790870961988,2,67108864,69632,0,0,0,50
1790870962038,2,67108864,69632,0,0,0,50
1790870962088,2,67108864,69632,0,0,0,50
1790870962138,2,67108864,69632,0,0,0,50
1790870962188,2,67108864,69632,0,0,0,50
1790870962238,2,67108864,69632,0,0,0,50
1790870962288,2,67108864,69632,0,0,0,50
1790870962338,2,67108864,69632,0,0,0,50
1790870962388,2,67108864,69632,0,0,0,50
1790870962438,2,67108864,69632,0,0,0,50
1790870962488,2,67108864,69632,0,0,0,50
1790870962538,2,67108864,69632,0,0,0,50
1790870962588,2,67108864,69632,0,0,0,50
1790870962638,2,67108864,69632,0,0,0,50
1790870962688,2,67108864,69632,0,0,0,50
1790870962738,2,67108864,69632,0,0,0,50
1790870962788,2,67108864,69632,0,0,0,50
1790870962838,2,67108864,69632,0,0,0,50
1790870962888,2,67108864,69632,0,0,0,50
1790870962938,2,67108864,69632,0,0,0,50
1790870962988,2,67108864,69632,0,0,0,50
1790870963038,2,67108864,69632,0,0,0,50
1790870963088,2,67108864,69632,0,0,0,50
1790870963138,2,67108864,69632,0,0,0,50
1790870963188,2,67108864,69632,0,0,0,50
1790870963238,2,67108864,69632,0,0,0,50
1790870963288,2,67108864,69632,0,0,0,50
1790870963338,2,67108864,69632,0,0,0,50
1790870963388,2,67108864,69632,0,0,0,50
1790870963438,2,67108864,69632,0,0,0,50
1790870963488,2,67108864,69632,0,0,0,50
1790870963538,2,67108864,69632,0,0,0,50
1790870963588,2,67108864,69632,0,0,0,50
1790870963638,2,67108864,69632,0,0,0,50
1790870963688,2,67108864,69632,0,0,0,50
1790870963738,2,67108864,69632,0,0,0,50
1790870963788,2,67108864,69632,0,0,0,50
1790870963838,2,67108864,69632,0,0,0,50
1790870963888,2,67108864,69632,0,0,0,50
1790870963938,2,67108864,69632,0,0,0,50
1790870963988,2,67108864,69632,0,0,0,50
1790870964038,2,67108864,69632,0,0,0,50
1790870964088,2,67108864,69632,0,0,0,50
1790870964138,2,67108864,69632,0,0,0,50
1790870964188,2,67108864,69632,0,0,0,50
1790870964238,2,67108864,69632,0,0,0,50
1790870964288,2,67108864,69632,0,0,0,50
1790870964338,2,67108864,69632,0,0,0,50
1790870964388,2,67108864,69632,0,0,0,50
1790870964438,2,67108864,69632,0,0,0,50
1790870964488,2,67108864,69632,0,0,0,50
1790870964538,2,67108864,69632,0,0,0,50
1790870964588,2,67108864,69632,0,0,0,50
1790870964638,2,67108864,69632,0,0,0,50
1790870964688,2,67108864,69632,0,0,0,50
1790870964738,2,67108864,69632,0,0,0,50
1790870964788,2,67108864,69632,0,0,0,50
1790870964838,2,67108864,69632,0,0,0,50
1790870964888,2,67108864,69632,0,0,0,50
1790870964938,2,67108864,69632,0,0,0,50
1790870964988,2,67108864,69632,0,0,0,50
1790870965038,2,67108864,69632,0,0,0,50
1790870965088,2,67108864,69632,0,0,0,50
1790870965138,2,67108864,69632,0,0,0,50
1790870965188,2,67108864,69632,0,0,0,50
1790870965238,2,67108864,69632,0,0,0,50
1790870965288,2,67108864,69632,0,0,0,50
1790870965338,2,67108864,69632,0,0,0,50
1790870965388,2,67108864,69632,0,0,0,50
1790870965438,2,67108864,69632,0,0,0,50
1790870965488,2,67108864,69632,0,0,0,50
1790870965538,2,67108864,69632,0,0,0,50
1790870965588,2,67108864,69632,0,0,0,50
1790870965638,2,67108864,69632,0,0,0,50
1790870965688,2,67108864,69632,0,0,0,50
1790870965738,2,67108864,69632,0,0,0,50
1790870965788,2,67108864,69632,0,0,0,50
1790870965838,2,67108864,69632,0,0,0,50
1790870965888,2,67108864,69632,0,0,0,50
1790870965938,2,67108864,69632,0,0,0,50
1790870965988,2,67108864,69632,0,0,0,50
1790870966038,2,67108864,69632,0,0,0,50
1790870966088,2,67108864,69632,0,0,0,50
1790870966138,2,67108864,69632,0,0,0,50
1790870966188,2,67108864,69632,0,0,0,50
1790870966238,2,67108864,69632,0,0,0,50
1790870966288,2,67108864,69632,0,0,0,50
1790870966338,2,67108864,69632,0,0,0,50
1790870966388,2,67108864,69632,0,0,0,50
1790870966438,2,67108864,69632,0,0,0,50
1790870966488,2,67108864,69632,0,0,0,50
1790870966538,2,67108864,69632,0,0,0,50
1790870966588,2,67108864,69632,0,0,0,50
1790870966638,2,67108864,69632,0,0,0,50
1790870966688,2,67108864,69632,0,0,0,50
1790870966738,2,67108864,69632,0,0,0,50
1790870966788,2,67108864,69632,0,0,0,50
1790870966838,2,67108864,69632,0,0,0,50
1790870966888,2,67108864,69632,0,0,0,50
1790870966938,2,67108864,69632,0,0,0,50
1790870966988,2,67108864,69632,0,0,0,50
1790870967038,2,67108864,69632,0,0,0,50
1790870967088,2,67108864,69632,0,0,0,50
1790870967138,2,67108864,69632,0,0,0,50
1790870967188,2,67108864,69632,0,0,0,50
1790870967238,2,67108864,69632,0,0,0,50
1790870967288,2,67108864,69632,0,0,0,50
1790870967338,2,67108864,69632,0,0,0,50
1790870967388,2,67108864,69632,0,0,0,50
1790870967438,2,67108864,69632,0,0,0,50
1790870967488,2,67108864,69632,0,0,0,50
1790870967538,2,67108864,69632,0,0,0,50
1790870967588,2,67108864,69632,0,0,0,50
1790870967638,2,67108864,69632,0,0,0,50
1790870967688,2,67108864,69632,0,0,0,50
1790870967738,2,67108864,69632,0,0,0,50
1790870967788,2,67108864,69632,0,0,0,50
1790870967838,2,67108864,69632,0,0,0,50
1790870967888,2,67108864,69632,0,0,0,50
1790870967938,2,67108864,69632,0,0,0,50
1790870967988,2,67108864,69632,0,0,0,50
1790870968038,2,67108864,69632,0,0,0,50
1790870968088,2,67108864,69632,0,0,0,50
1790870968138,2,67108864,69632,0,0,0,50
1790870968188,2,67108864,69632,0,0,0,50
1790870968238,2,67108864,69632,0,0,0,50
1790870968288,2,67108864,69632,0,0,0,50
1790870968338,2,67108864,69632,0,0,0,50
1790870968388,2,67108864,69632,0,0,0,50
1790870968438,2,67108864,69632,0,0,0,50
1790870968488,2,67108864,69632,0,0,0,50
1790870968538,2,67108864,69632,0,0,0,50
1790870968588,2,67108864,69632,0,0,0,50
1790870968638,2,67108864,69632,0,0,0,50
1790870968688,2,67108864,69632,0,0,0,50
1790870968738,2,67108864,69632,0,0,0,50
1790870968788,2,67108864,69632,0,0,0,50
1790870968838,2,67108864,69632,0,0,0,50
1790870968888,2,67108864,69632,0,0,0,50
1790870968938,2,67108864,69632,0,0,0,50
1790870968988,2,67108864,69632,0,0,0,50
1790870969038,2,67108864,69632,0,0,0,50
1790870969088,2,67108864,69632,0,0,0,50
1790870969138,2,67108864,69632,0,0,0,50
1790870969188,2,67108864,69632,0,0,0,50
1790870969238,2,67108864,69632,0,0,0,50
1790870969288,2,67108864,69632,0,0,0,50
1790870969338,2,67108864,69632,0,0,0,50
1790870969388,2,67108864,69632,0,0,0,50
1790870969438,2,67108864,69632,0,0,0,50
1790870969488,2,67108864,69632,0,0,0,50
1790870969538,2,67108864,69632,0,0,0,50
1790870969588,2,67108864,69632,0,0,0,50
1790870969638,2,67108864,69632,0,0,0,50
1790870969688,2,67108864,69632,0,0,0,50
1790870969738,2,67108864,69632,0,0,0,50
1790870969788,2,67108864,69632,0,0,0,50
1790870969838,2,67108864,69632,0,0,0,50
1790870969888,2,67108864,69632,0,0,0,50
1790870969938,2,67108864,69632,0,0,0,50
1790870969988,2,67108864,69632,0,0,0,50
1790870970038,2,67108864,73728,0,0,0,50
1790870970088,2,67108864,73728,0,0,0,50
1790870970138,2,67108864,73728,0,0,0,50
1790870970188,2,67108864,73728,0,0,0,50
1790870970238,2,67108864,73728,0,0,0,50
1790870970288,2,67108864,73728,0,0,0,50
1790870970338,2,67108864,73728,0,0,0,50
1790870970388,2,67108864,73728,0,0,0,50
1790870970438,2,67108864,73728,0,0,0,50
1790870970488,2,67108864,73728,0,0,0,50
1790870970538,2,67108864,73728,0,0,0,50
1790870970588,2,67108864,73728,0,0,0,50
1790870970638,2,67108864,73728,0,0,0,50
1790870970688,2,67108864,73728,0,0,0,50
1790870970738,2,67108864,73728,0,0,0,50
1790870970788,2,67108864,73728,0,0,0,50
1790870970838,2,67108864,73728,0,0,0,50
1790870970888,2,67108864,73728,0,0,0,50
1790870970938,2,67108864,73728,0,0,0,50
1790870970988,2,67108864,73728,0,0,0,50
1790870971038,2,67108864,73728,0,0,0,50
1790870971088,2,67108864,73728,0,0,0,50
1790870971138,2,67108864,73728,0,0,0,50
1790870971188,2,67108864,73728,0,0,0,50
1790870971238,2,67108864,73728,0,0,0,50
1790870971288,2,67108864,73728,0,0,0,50
1790870971338,2,67108864,73728,0,0,0,50
1790870971388,2,67108864,73728,0,0,0,50
1790870971438,2,67108864,73728,0,0,0,50
1790870971488,2,67108864,73728,0,0,0,50
1790870971538,2,67108864,73728,0,0,0,50
1790870971588,2,67108864,73728,0,0,0,50
1790870971638,2,67108864,73728,0,0,0,50
1790870971688,2,67108864,73728,0,0,0,50
1790870971738,2,67108864,73728,0,0,0,50
1790870971788,2,67108864,73728,0,0,0,50
1790870971838,2,67108864,73728,0,0,0,50
1790870971888,2,67108864,73728,0,0,0,50
1790870971938,2,67108864,73728,0,0,0,50
1790870971988,2,67108864,73728,0,0,0,50
1790870972038,2,67108864,73728,0,0,0,50
1790870972088,2,67108864,73728,0,0,0,50
1790870972138,2,67108864,73728,0,0,0,50
1790870972188,2,67108864,73728,0,0,0,50
1790870972238,2,67108864,73728,0,0,0,50
1790870972288,2,67108864,73728,0,0,0,50
1790870972338,2,67108864,73728,0,0,0,50
1790870972388,2,67108864,73728,0,0,0,50
1790870972438,2,67108864,73728,0,0,0,50
1790870972488,2,67108864,73728,0,0,0,50
1790870972538,2,67108864,73728,0,0,0,50
1790870972588,2,67108864,73728,0,0,0,50
1790870972638,2,67108864,73728,0,0,0,50
1790870972688,2,67108864,73728,0,0,0,50
1790870972738,2,67108864,73728,0,0,0,50
1790870972788,2,67108864,73728,0,0,0,50
1790870972838,2,67108864,73728,0,0,0,50
1790870972888,2,67108864,73728,0,0,0,50
1790870972938,2,67108864,73728,0,0,0,50
1790870972988,2,67108864,73728,0,0,0,50
1790870973038,2,67108864,73728,0,0,0,50
1790870973088,2,67108864,73728,0,0,0,50
1790870973138,2,67108864,73728,0,0,0,50
1790870973188,2,67108864,73728,0,0,0,50
1790870973238,2,67108864,73728,0,0,0,50
1790870973288,2,67108864,73728,0,0,0,50
1790870973338,2,67108864,73728,0,0,0,50
1790870973388,2,67108864,73728,0,0,0,50
1790870973438,2,67108864,73728,0,0,0,50
1790870973488,2,67108864,73728,0,0,0,50
1790870973538,2,67108864,462848,0,0,0,50
1790870973588,2,67108864,18337792,0,0,0,50
1790870973638,3,100663296,42172416,0,0,0,50
1790870973688,3,100663296,52563968,0,0,0,50
1790870973738,3,100663296,52563968,0,0,0,50
1790870973788,3,100663296,55713792,1,18,0,50
1790870973838,4,134217728,72519680,2,26,0,50
1790870973888,4,134217728,87240704,2,26,0,50
1790870973938,4,134217728,77598720,1,18,0,50
1790870973988,5,167772160,104017920,2,36,0,50
1790870974038,5,167772160,125853696,2,36,0,50
1790870974088,5,167772160,115257344,2,36,0,50
1790870974138,5,167772160,106389504,1,18,0,50
1790870974188,5,167772160,125652992,1,18,0,50
1790870974238,5,167772160,117305344,1,18,0,50
1790870974288,5,167772160,109076480,0,0,0,50
1790870974338,5,167772160,98967552,0,0,0,50
1790870974388,5,167772160,121868288,2,36,0,50
1790870974438,4,134217728,80769024,1,18,0,50
1790870974488,5,167772160,107704320,1,18,0,50
1790870974538,5,167772160,128094208,1,18,0,50
1790870974588,5,167772160,130191360,3,54,0,50
1790870974638,5,167772160,130191360,6,98,0,50
1790870974688,5,167772160,130191360,6,98,0,50
1790870974738,5,167772160,130191360,6,98,0,50
1790870974788,5,167772160,130191360,6,98,0,50
1790870974838,5,167772160,130191360,6,98,0,50
1790870974888,5,167772160,130191360,6,98,0,50
1790870974938,5,167772160,130191360,6,98,0,50
1790870974988,5,167772160,130191360,6,98,0,50
1790870975038,5,167772160,130191360,6,98,0,50
1790870975088,5,167772160,130191360,6,98,0,50
1790870975138,5,167772160,130191360,6,98,0,50
1790870975188,5,167772160,130191360,6,98,0,50
1790870975238,5,167772160,130191360,6,98,0,50
1790870975288,5,167772160,130191360,6,98,0,50
1790870975338,5,167772160,130191360,6,98,0,50
1790870975388,5,167772160,130191360,6,98,0,50
1790870975438,5,167772160,130191360,6,98,0,50
1790870975488,5,167772160,130191360,6,98,0,50
1790870975538,5,167772160,130191360,6,98,0,50
1790870975588,5,167772160,130191360,6,98,0,50
1790870975638,5,167772160,130191360,6,98,0,50
1790870975688,5,167772160,130191360,6,98,0,50
1790870975738,5,167772160,130191360,6,98,0,50
1790870975788,5,167772160,130191360,6,98,0,50
1790870975838,5,167772160,130191360,6,98,0,50
1790870975888,5,167772160,130191360,6,98,0,50
1790870975938,5,167772160,130191360,6,98,0,50
1790870975988,5,167772160,130191360,6,98,0,50
1790870976038,5,167772160,130191360,6,98,0,50
1790870976088,5,167772160,130191360,6,98,0,50
1790870976138,5,167772160,130191360,6,98,0,50
1790870976188,5,167772160,130191360,6,98,0,50
1790870976238,5,167772160,130191360,6,98,0,50
1790870976288,5,167772160,130191360,6,98,0,50
1790870976338,5,167772160,130191360,6,98,0,50
1790870976388,5,167772160,130191360,6,98,0,50
1790870976438,5,167772160,130191360,6,98,0,50
1790870976488,5,167772160,130191360,6,98,0,50
1790870976538,5,167772160,130191360,6,98,0,50
1790870976588,5,167772160,130191360,6,98,0,50
1790870976638,5,167772160,130191360,6,98,0,50
1790870976688,5,167772160,130191360,6,98,0,50
1790870976738,5,167772160,130191360,6,98,0,50
1790870976788,5,167772160,130191360,6,98,0,50
1790870976838,5,167772160,130191360,6,98,0,50
1790870976888,5,167772160,130191360,6,98,0,50
1790870976938,5,167772160,130191360,6,98,0,50
1790870976988,5,167772160,130191360,6,98,0,50
1790870977038,5,167772160,130191360,6,98,0,50
1790870977088,5,167772160,130191360,6,98,0,50
1790870977138,5,167772160,130191360,6,98,0,50
1790870977188,5,167772160,130191360,6,98,0,50
1790870977238,5,167772160,130191360,6,98,0,50
1790870977288,5,167772160,130191360,6,98,0,50
1790870977338,5,167772160,130191360,6,98,0,50
1790870977388,5,167772160,130191360,6,98,0,50
1790870977438,5,167772160,130191360,6,98,0,50
1790870977488,5,167772160,130191360,6,98,0,50
1790870977538,5,167772160,130191360,6,98,0,50
1790870977588,5,167772160,130191360,6,98,0,50
1790870977638,5,167772160,130191360,6,98,0,50
1790870977688,5,167772160,130191360,6,98,0,50
1790870977738,5,167772160,130191360,6,98,0,50
1790870977788,5,167772160,130191360,6,98,0,50
1790870977838,5,167772160,130191360,6,98,0,50
1790870977888,5,167772160,130191360,6,98,0,50
1790870977938,5,167772160,130191360,6,98,0,50
1790870977988,5,167772160,130191360,6,98,0,50
1790870978038,5,167772160,130191360,6,98,0,50
1790870978088,5,167772160,130191360,6,98,0,50
1790870978138,5,167772160,130191360,6,98,0,50
1790870978188,5,167772160,130191360,6,98,0,50
1790870978238,5,167772160,130191360,6,98,0,50
1790870978288,5,167772160,130191360,6,98,0,50
1790870978338,5,167772160,130191360,6,98,0,50
1790870978388,5,167772160,130191360,6,98,0,50
1790870978438,5,167772160,130191360,6,98,0,50
1790870978488,5,167772160,130191360,6,98,0,50
1790870978538,5,167772160,130191360,6,98,0,50
1790870978588,5,167772160,130191360,6,98,0,50
1790870978638,5,167772160,130191360,6,98,0,50
1790870978688,5,167772160,130191360,6,98,0,50
1790870978738,5,167772160,130191360,6,98,0,50
1790870978788,5,167772160,130191360,6,98,0,50
1790870978838,5,167772160,130191360,6,98,0,50
1790870978888,5,167772160,130191360,6,98,0,50
1790870978938,5,167772160,130191360,6,98,0,50
1790870978988,5,167772160,130191360,6,98,0,50
1790870979038,5,167772160,130191360,6,98,0,50
1790870979088,5,167772160,130191360,6,98,0,50
1790870979138,5,167772160,130191360,6,98,0,50
1790870979188,5,167772160,130191360,6,98,0,50
1790870979238,5,167772160,130191360,6,98,0,50
1790870979288,5,167772160,130191360,6,98,0,50
1790870979338,5,167772160,130191360,6,98,0,50
1790870979388,5,167772160,130191360,6,98,0,50
1790870979438,5,167772160,130191360,6,98,0,50
1790870979488,5,167772160,130191360,6,98,0,50
1790870979538,5,167772160,130191360,6,98,0,50
1790870979588,5,167772160,130191360,6,98,0,50
1790870979638,5,167772160,130191360,6,98,0,50
1790870979688,5,167772160,130191360,6,98,0,50
1790870979738,5,167772160,130191360,6,98,0,50
1790870979788,5,167772160,130191360,6,98,0,50
1790870979838,5,167772160,130191360,6,98,0,50
1790870979888,5,167772160,130191360,6,98,0,50
1790870979938,5,167772160,130191360,6,98,0,50
1790870979988,5,167772160,130191360,6,98,0,50
1790870980038,5,167772160,130191360,6,98,0,50
1790870980088,5,167772160,130191360,6,98,0,50
1790870980138,5,167772160,130191360,6,98,0,50
1790870980188,5,167772160,130191360,6,98,0,50
1790870980238,5,167772160,130191360,6,98,0,50
1790870980288,5,167772160,130191360,6,98,0,50
1790870980338,5,167772160,130191360,6,98,0,50
1790870980388,5,167772160,130191360,6,98,0,50
1790870980438,5,167772160,130191360,6,98,0,50
1790870980488,5,167772160,130191360,6,98,0,50
1790870980538,5,167772160,130191360,6,98,0,50
1790870980588,5,167772160,130191360,6,98,0,50
1790870980638,5,167772160,130191360,6,98,0,50
1790870980688,5,167772160,130191360,6,98,0,50
1790870980738,5,167772160,130191360,6,98,0,50
1790870980788,5,167772160,130191360,6,98,0,50
1790870980838,5,167772160,130191360,6,98,0,50
1790870980888,5,167772160,130191360,6,98,0,50
1790870980938,5,167772160,130191360,6,98,0,50
1790870980988,5,167772160,130191360,6,98,0,50
1790870981038,5,167772160,130191360,6,98,0,50
1790870981088,5,167772160,130191360,6,98,0,50
1790870981138,5,167772160,130191360,6,98,0,50
1790870981188,5,167772160,130191360,6,98,0,50
1790870981238,5,167772160,130191360,6,98,0,50
1790870981288,5,167772160,130191360,6,98,0,50
1790870981338,5,167772160,130191360,6,98,0,50
1790870981388,5,167772160,130191360,6,98,0,50
1790870981438,5,167772160,130191360,6,98,0,50
1790870981488,5,167772160,130191360,6,98,0,50
1790870981538,5,167772160,130191360,6,98,0,50
1790870981588,5,167772160,130191360,6,98,0,50
1790870981638,5,167772160,130191360,6,98,0,50
1790870981688,5,167772160,130191360,6,98,0,50
1790870981738,5,167772160,130191360,6,98,0,50
1790870981788,5,167772160,130191360,6,98,0,50
1790870981838,5,167772160,130191360,6,98,0,50
1790870981888,5,167772160,130191360,6,98,0,50
1790870981938,5,167772160,130191360,6,98,0,50
1790870981988,4,134217728,70356992,5,79,0,50
1790870982038,4,134217728,76505088,5,79,0,50
1790870982088,4,134217728,80850944,5,79,0,50
1790870982138,4,134217728,86097920,5,79,0,50
1790870982188,4,134217728,91348992,5,79,0,50
1790870982238,4,134217728,96595968,5,79,0,50
1790870982288,5,167772160,100798464,5,79,0,50
1790870982338,5,167772160,107102208,6,97,0,50
1790870982388,5,167772160,112349184,6,97,0,50
1790870982438,5,167772160,117596160,6,97,0,50
1790870982488,5,167772160,122843136,6,97,0,50
1790870982538,5,167772160,127361024,6,97,0,50
1790870982588,5,167772160,99794944,5,79,0,50
1790870982638,5,167772160,106049536,6,97,0,50
1790870982688,5,167772160,111300608,6,97,0,50
1790870982738,5,167772160,116547584,6,97,0,50
1790870982788,5,167772160,121794560,6,97,0,50
1790870982838,5,167772160,127041536,6,97,0,50
1790870982888,5,167772160,98713600,5,79,0,50
1790870982938,5,167772160,105000960,6,97,0,50
1790870982988,5,167772160,110247936,6,97,0,50
1790870983038,5,167772160,115499008,6,97,0,50
1790870983088,5,167772160,120745984,6,97,0,50
1790870983138,5,167772160,125992960,6,97,0,50
1790870983188,4,134217728,98697216,5,79,0,50
1790870983238,5,167772160,103055360,5,79,0,50
1790870983288,5,167772160,109199360,6,97,0,50
1790870983338,5,167772160,114446336,6,97,0,50
1790870983388,5,167772160,120586240,6,97,0,50
1790870983438,5,167772160,125038592,6,97,0,50
1790870983488,5,167772160,130842624,6,97,0,50
1790870983538,5,167772160,103616512,5,90,0,50
1790870983588,5,167772160,108539904,6,97,0,50
1790870983638,5,167772160,114208768,6,97,0,50
1790870983688,5,167772160,119549952,6,97,0,50
1790870983738,5,167772160,124891136,6,97,0,50
1790870983788,5,167772160,130093056,6,97,0,50
1790870983838,5,167772160,102670336,5,79,0,50
1790870983888,5,167772160,107102208,6,97,0,50
1790870983938,5,167772160,113397760,6,97,0,50
1790870983988,5,167772160,118644736,6,97,0,50
1790870984038,5,167772160,122843136,6,97,0,50
1790870984088,5,167772160,128094208,6,97,0,50
1790870984138,5,167772160,100458496,5,79,0,50
1790870984188,5,167772160,106049536,6,97,0,50
1790870984238,5,167772160,111300608,6,97,0,50
1790870984288,5,167772160,117473280,6,97,0,50
1790870984338,5,167772160,122707968,6,97,0,50
1790870984388,5,167772160,127041536,6,97,0,50
1790870984438,5,167772160,98701312,5,79,0,50
1790870984488,5,167772160,105000960,6,97,0,50
1790870984538,5,167772160,110247936,6,97,0,50
1790870984588,5,167772160,115499008,6,97,0,50
1790870984638,5,167772160,120745984,6,97,0,50
1790870984688,5,167772160,125992960,6,97,0,50
1790870984738,5,167772160,98701312,5,79,0,50
1790870984788,5,167772160,103583744,5,90,0,50
1790870984838,5,167772160,109199360,6,97,0,50
1790870984888,5,167772160,114446336,6,97,0,50
1790870984938,5,167772160,119697408,6,97,0,50
1790870984988,5,167772160,124944384,6,97,0,50
1790870985038,5,167772160,130236416,6,97,0,50
1790870985088,5,167772160,102670336,5,79,0,50
1790870985138,5,167772160,107999232,6,97,0,50
1790870985188,5,167772160,113397760,6,97,0,50
1790870985238,5,167772160,118644736,6,97,0,50
1790870985288,5,167772160,123895808,6,97,0,50
1790870985338,5,167772160,129142784,6,97,0,50
1790870985388,5,167772160,101847040,5,79,0,50
1790870985438,5,167772160,107102208,6,97,0,50
1790870985488,5,167772160,112349184,6,97,0,50
1790870985538,5,167772160,117596160,6,97,0,50
1790870985588,5,167772160,122843136,6,97,0,50
1790870985638,5,167772160,128094208,6,97,0,50
1790870985688,5,167772160,100098048,5,79,0,50
1790870985738,5,167772160,106049536,6,97,0,50
1790870985788,5,167772160,111300608,6,97,0,50
1790870985838,5,167772160,116547584,6,97,0,50
1790870985888,5,167772160,121794560,6,97,0,50
1790870985938,5,167772160,127041536,6,97,0,50
1790870985988,5,167772160,99651584,5,79,0,50
1790870986038,5,167772160,105000960,5,79,0,50
1790870986222,5,167772160,106049536,5,79,0,184
1790870986272,5,167772160,123478016,6,97,0,50
1790870986322,5,167772160,102903808,5,79,0,50
1790870986372,5,167772160,108150784,6,97,0,50
1790870986422,5,167772160,112525312,6,97,0,50
1790870986472,5,167772160,118644736,6,97,0,50
1790870986522,5,167772160,123895808,6,97,0,50
1790870986572,5,167772160,129142784,6,97,0,50
1790870986622,4,134217728,68251648,4,61,0,50
1790870986672,4,134217728,74555392,5,79,0,50
1790870986722,4,134217728,79802368,5,79,0,50
1790870986772,4,134217728,85049344,5,79,0,50
1790870986822,4,134217728,89726976,5,79,0,50
1790870986872,4,134217728,94961664,5,79,0,50
1790870986922,5,167772160,99659776,5,79,0,50
1790870986972,5,167772160,105619456,6,97,0,50
1790870987022,5,167772160,111300608,6,97,0,50
1790870987072,5,167772160,116465664,6,97,0,50
1790870987122,5,167772160,121589760,6,97,0,50
1790870987172,5,167772160,126668800,6,97,0,50
1790870987222,5,167772160,98701312,5,79,0,50
1790870987272,5,167772160,104255488,5,90,0,50
1790870987322,5,167772160,110247936,6,97,0,50
1790870987372,5,167772160,115499008,6,97,0,50
1790870987422,5,167772160,120745984,6,97,0,50
1790870987472,5,167772160,125988864,6,97,0,50
1790870987522,5,167772160,130818048,6,97,0,50
1790870987572,5,167772160,103305216,5,90,0,50
1790870987622,5,167772160,108580864,6,97,0,50
1790870987672,5,167772160,114073600,6,97,0,50
1790870987722,5,167772160,119545856,6,97,0,50
1790870987772,5,167772160,124186624,6,97,0,50
1790870987822,5,167772160,129753088,6,97,0,50
1790870987872,5,167772160,101847040,5,79,0,50
1790870987922,5,167772160,108150784,6,97,0,50
1790870987972,5,167772160,113397760,6,97,0,50
1790870988022,5,167772160,118644736,6,97,0,50
1790870988072,5,167772160,123637760,6,97,0,50
1790870988122,5,167772160,128475136,6,97,0,50
1790870988172,5,167772160,100376576,5,79,0,50
1790870988222,5,167772160,107102208,6,97,0,50
1790870988272,5,167772160,111300608,6,97,0,50
1790870988322,5,167772160,116928512,6,97,0,50
1790870988372,5,167772160,122118144,6,97,0,50
1790870988422,5,167772160,127303680,6,97,0,50
1790870988472,5,167772160,99500032,5,79,0,50
1790870988522,5,167772160,105259008,6,97,0,50
1790870988572,5,167772160,110772224,6,97,0,50
1790870988622,5,167772160,115757056,6,97,0,50
1790870988672,5,167772160,121794560,6,97,0,50
1790870988722,5,167772160,126296064,6,97,0,50
1790870988772,5,167772160,98701312,5,79,0,50
1790870988822,5,167772160,105000960,6,97,0,50
1790870988872,5,167772160,110247936,6,97,0,50
1790870988922,5,167772160,114880512,6,97,0,50
1790870988972,5,167772160,119955456,6,97,0,50
1790870989022,5,167772160,125214720,6,97,0,50
1790870989072,5,167772160,130375680,6,97,0,50
1790870989122,5,167772160,102903808,5,79,0,50
1790870989172,5,167772160,108408832,6,97,0,50
1790870989222,5,167772160,113397760,6,97,0,50
1790870989272,5,167772160,118972416,6,97,0,50
1790870989322,5,167772160,124411904,6,97,0,50
1790870989372,5,167772160,129368064,6,97,0,50
1790870989422,5,167772160,101847040,5,79,0,50
1790870989472,5,167772160,107417600,6,97,0,50
1790870989522,5,167772160,112738304,6,97,0,50
1790870989572,5,167772160,117927936,6,97,0,50
1790870989622,5,167772160,123236352,6,97,0,50
1790870989672,5,167772160,128745472,6,97,0,50
1790870989722,5,167772160,100765696,5,79,0,50
1790870989772,5,167772160,106233856,6,97,0,50
1790870989822,5,167772160,111714304,6,97,0,50
1790870989872,5,167772160,116871168,6,97,0,50
1790870989922,5,167772160,121802752,6,97,0,50
1790870989972,5,167772160,127311872,6,97,0,50
1790870990022,5,167772160,99520512,5,79,0,50
1790870990072,5,167772160,105127936,5,90,0,50
1790870990122,5,167772160,110542848,6,97,0,50
1790870990172,5,167772160,115888128,6,97,0,50
1790870990222,5,167772160,121024512,6,97,0,50
1790870990272,5,167772160,126345216,6,97,0,50
1790870990322,5,167772160,98701312,5,79,0,50
1790870990372,5,167772160,103952384,5,79,0,50
1790870990422,5,167772160,109543424,6,97,0,50
1790870990472,5,167772160,114446336,6,97,0,50
1790870990522,5,167772160,120745984,6,97,0,50
1790870990572,5,167772160,125583360,6,97,0,50
1790870990622,4,134217728,98430976,5,79,0,50
1790870990672,5,167772160,102633472,5,90,0,50
1790870990722,5,167772160,108699648,6,97,0,50
1790870990772,5,167772160,113721344,6,97,0,50
1790870990822,5,167772160,118980608,6,97,0,50
1790870990872,5,167772160,124248064,6,97,0,50
1790870990922,5,167772160,129531904,6,97,0,50
1790870990972,5,167772160,101801984,5,79,0,50
1790870991022,5,167772160,108150784,6,97,0,50
1790870991072,5,167772160,112672768,6,97,0,50
1790870991122,5,167772160,117596160,6,97,0,50
1790870991172,5,167772160,123195392,6,97,0,50
1790870991222,5,167772160,128094208,6,97,0,50
1790870991272,5,167772160,100798464,5,79,0,50
1790870991322,5,167772160,107102208,6,97,0,50
1790870991372,5,167772160,112287744,6,97,0,50
1790870991422,5,167772160,116854784,6,97,0,50
1790870991472,5,167772160,122093568,6,97,0,50
1790870991522,5,167772160,127361024,6,97,0,50
1790870991572,5,167772160,99483648,5,79,0,50
1790870991622,5,167772160,105259008,6,97,0,50
1790870991672,5,167772160,110546944,6,97,0,50
1790870991722,5,167772160,115847168,6,97,0,50
1790870991772,5,167772160,121143296,6,97,0,50
1790870991822,5,167772160,126349312,6,97,0,50
1790870991872,5,167772160,98701312,5,79,0,50
1790870991922,5,167772160,104206336,5,90,0,50
1790870991972,5,167772160,109498368,6,97,0,50
1790870992022,5,167772160,114749440,6,97,0,50
1790870992072,5,167772160,119824384,6,97,0,50
1790870992122,5,167772160,125075456,6,97,0,50
1790870992172,5,167772160,130531328,6,97,0,50
1790870992222,5,167772160,102387712,5,90,0,50
1790870992272,5,167772160,108838912,6,97,0,50
1790870992322,5,167772160,113782784,6,97,0,50
1790870992372,5,167772160,119205888,6,97,0,50
1790870992422,5,167772160,124264448,6,97,0,50
1790870992472,5,167772160,129495040,6,97,0,50
1790870992522,5,167772160,101662720,5,79,0,50
1790870992572,5,167772160,107134976,6,97,0,50
1790870992622,5,167772160,112873472,6,97,0,50
1790870992672,5,167772160,117919744,6,97,0,50
1790870992722,5,167772160,123125760,6,97,0,50
1790870992772,5,167772160,128401408,6,97,0,50
1790870992822,5,167772160,99966976,5,79,0,50
1790870992872,5,167772160,106049536,6,97,0,50
1790870992922,5,167772160,111882240,6,97,0,50
1790870992972,5,167772160,116932608,6,97,0,50
1790870993022,5,167772160,122142720,6,97,0,50
1790870993072,5,167772160,127303680,6,97,0,50
1790870993122,5,167772160,99749888,5,79,0,50
1790870993172,5,167772160,105340928,5,90,0,50
1790870993222,5,167772160,110530560,6,97,0,50
1790870993272,5,167772160,115871744,6,97,0,50
1790870993322,5,167772160,121032704,6,97,0,50
1790870993372,5,167772160,126291968,6,97,0,50
1790870993422,5,167772160,98701312,5,79,0,50
1790870993472,5,167772160,103952384,5,79,0,50
1790870993522,5,167772160,109633536,6,97,0,50
1790870993572,5,167772160,115101696,6,97,0,50
1790870993622,5,167772160,119697408,6,97,0,50
1790870993672,5,167772160,125562880,6,97,0,50
1790870993722,5,167772160,130400256,6,97,0,50
1790870993772,5,167772160,102903808,5,79,0,50
1790870993822,5,167772160,108343296,6,97,0,50
1790870993872,5,167772160,113410048,6,97,0,50
1790870993922,5,167772160,118710272,6,97,0,50
1790870993972,5,167772160,124514304,6,97,0,50
1790870994022,5,167772160,130117632,6,97,0,50
1790870994072,5,167772160,101847040,5,79,0,50
1790870994122,5,167772160,107753472,6,97,0,50
1790870994172,5,167772160,113115136,6,97,0,50
1790870994222,5,167772160,117981184,6,97,0,50
1790870994272,5,167772160,123596800,6,97,0,50
1790870994322,5,167772160,128094208,6,97,0,50
1790870994372,5,167772160,100794368,5,79,0,50
1790870994422,5,167772160,106536960,6,97,0,50
1790870994472,5,167772160,111734784,6,97,0,50
1790870994522,5,167772160,117022720,6,97,0,50
1790870994572,5,167772160,122576896,6,97,0,50
1790870994622,5,167772160,127471616,6,97,0,50
1790870994672,5,167772160,99577856,5,79,0,50
1790870994722,5,167772160,105000960,6,97,0,50
1790870994772,5,167772160,110587904,6,97,0,50
1790870994822,5,167772160,115568640,6,97,0,50
1790870994872,5,167772160,121794560,6,97,0,50
1790870994922,5,167772160,126312448,6,97,0,50
1790870994972,5,167772160,98701312,5,79,0,50
1790870995022,5,167772160,104218624,5,90,0,50
1790870995072,5,167772160,110247936,6,97,0,50
1790870995122,5,167772160,115499008,6,97,0,50
1790870995172,5,167772160,120745984,6,97,0,50
1790870995222,5,167772160,125992960,6,97,0,50
1790870995272,5,167772160,131026944,6,97,0,50
1790870995322,5,167772160,103952384,6,97,0,50
1790870995372,5,167772160,109199360,6,97,0,50
1790870995422,5,167772160,114446336,6,97,0,50
1790870995472,5,167772160,119697408,6,97,0,50
1790870995522,5,167772160,123895808,6,97,0,50
1790870995572,5,167772160,130191360,6,97,0,50
1790870995622,5,167772160,102285312,6,97,0,50
1790870995672,5,167772160,107970560,6,97,0,50
1790870995722,5,167772160,113397760,6,97,0,50
1790870995772,5,167772160,118108160,6,97,0,50
1790870995822,5,167772160,123895808,6,97,0,50
1790870995872,5,167772160,129142784,6,97,0,50
1790870995922,5,167772160,100798464,5,79,0,50
1790870995972,5,167772160,107102208,6,97,0,50
1790870996022,5,167772160,112070656,6,97,0,50
1790870996072,5,167772160,117596160,6,97,0,50
1790870996122,5,167772160,122843136,6,97,0,50
1790870996172,5,167772160,128094208,6,97,0,50
1790870996222,5,167772160,99467264,5,79,0,50
1790870996272,5,167772160,106049536,6,97,0,50
1790870996322,5,167772160,111300608,6,97,0,50
1790870996372,5,167772160,116547584,6,97,0,50
1790870996422,5,167772160,121794560,6,97,0,50
1790870996472,5,167772160,127041536,6,97,0,50
1790870996522,5,167772160,98701312,5,79,0,50
1790870996572,5,167772160,105000960,6,97,0,50
1790870996622,5,167772160,110247936,6,97,0,50
1790870996672,5,167772160,115105792,6,97,0,50
1790870996722,5,167772160,120745984,6,97,0,50
1790870996772,5,167772160,125685760,6,97,0,50
1790870996822,5,167772160,130322432,6,97,0,50
1790870996872,5,167772160,103399424,5,79,0,50
1790870996922,5,167772160,109199360,6,97,0,50
1790870996972,5,167772160,113397760,6,97,0,50
1790870997022,5,167772160,119697408,6,97,0,50
1790870997072,5,167772160,124944384,6,97,0,50
1790870997122,5,167772160,129822720,6,97,0,50
1790870997172,5,167772160,102903808,5,79,0,50
1790870997222,5,167772160,107823104,6,97,0,50
1790870997272,5,167772160,113131520,6,97,0,50
1790870997322,5,167772160,118071296,6,97,0,50
1790870997372,5,167772160,123265024,6,97,0,50
1790870997422,5,167772160,128483328,6,97,0,50
1790870997472,5,167772160,100687872,5,79,0,50
1790870997522,5,167772160,106790912,6,97,0,50
1790870997572,5,167772160,111820800,6,97,0,50
1790870997622,5,167772160,116649984,6,97,0,50
1790870997672,5,167772160,122191872,6,97,0,50
1790870997722,5,167772160,127197184,6,97,0,50
1790870997772,5,167772160,99749888,5,79,0,50
1790870997822,5,167772160,105000960,6,97,0,50
1790870997872,5,167772160,110604288,6,97,0,50
1790870997922,5,167772160,115638272,6,97,0,50
1790870997972,5,167772160,121466880,6,97,0,50
1790870998022,5,167772160,126443520,6,97,0,50
1790870998072,5,167772160,98701312,5,79,0,50
1790870998122,5,167772160,103952384,5,90,0,50
1790870998172,5,167772160,110186496,6,97,0,50
1790870998222,5,167772160,115499008,6,97,0,50
1790870998272,5,167772160,120061952,6,97,0,50
1790870998322,5,167772160,125562880,6,97,0,50
1790870998372,5,167772160,130453504,6,97,0,50
1790870998422,5,167772160,102903808,5,90,0,50
1790870998472,5,167772160,108814336,6,97,0,50
1790870998522,5,167772160,113979392,6,97,0,50
1790870998572,5,167772160,119697408,6,97,0,50
1790870998622,5,167772160,124944384,6,97,0,50
1790870998672,5,167772160,130191360,6,97,0,50
1790870998722,5,167772160,102686720,5,79,0,50
1790870998772,5,167772160,107724800,6,97,0,50
1790870998822,5,167772160,112738304,6,97,0,50
1790870998872,5,167772160,118644736,6,97,0,50
1790870998922,5,167772160,123518976,6,97,0,50
1790870998972,5,167772160,128659456,6,97,0,50
1790870999022,5,167772160,100798464,5,79,0,50
1790870999072,5,167772160,106340352,6,97,0,50
1790870999122,5,167772160,111820800,6,97,0,50
1790870999172,5,167772160,117166080,6,97,0,50
1790870999222,5,167772160,122478592,6,97,0,50
1790870999272,5,167772160,127684608,6,97,0,50
1790870999322,5,167772160,99749888,5,79,0,50
1790870999372,5,167772160,105783296,6,97,0,50
1790870999422,5,167772160,110641152,6,97,0,50
1790870999472,5,167772160,116150272,6,97,0,50
1790870999522,5,167772160,121397248,6,97,0,50
1790870999572,5,167772160,126435328,6,97,0,50
1790870999622,5,167772160,98701312,5,79,0,50
1790870999672,5,167772160,103952384,5,79,0,50
1790870999722,5,167772160,109654016,6,97,0,50
1790870999772,5,167772160,115036160,6,97,0,50
1790870999822,5,167772160,120434688,6,97,0,50
1790870999872,5,167772160,125992960,6,97,0,50
1790870999922,5,167772160,98701312,5,79,0,50
1790870999972,5,167772160,103452672,6,97,0,50
1790871000022,5,167772160,109199360,6,97,0,50
1790871000072,5,167772160,114446336,6,97,0,50
1790871000122,5,167772160,119177216,6,97,0,50
1790871000172,5,167772160,124678144,6,97,0,50
1790871000222,5,167772160,129585152,6,97,0,50
1790871000272,5,167772160,101842944,5,79,0,50
1790871000322,5,167772160,107597824,6,97,0,50
1790871000372,5,167772160,113119232,6,97,0,50
1790871000422,5,167772160,117870592,6,97,0,50
1790871000472,5,167772160,123355136,6,97,0,50
1790871000522,5,167772160,128565248,6,97,0,50
1790871000572,5,167772160,100601856,5,79,0,50
1790871000622,5,167772160,106180608,6,97,0,50
1790871000672,5,167772160,111775744,6,97,0,50
1790871000722,5,167772160,117596160,6,97,0,50
1790871000772,5,167772160,122314752,6,97,0,50
1790871000822,5,167772160,127520768,6,97,0,50
1790871000872,5,167772160,99749888,5,79,0,50
1790871000922,5,167772160,105263104,5,90,0,50
1790871000972,5,167772160,111050752,6,97,0,50
1790871001022,5,167772160,116346880,6,97,0,50
1790871001072,5,167772160,120954880,6,97,0,50
1790871001122,5,167772160,126681088,6,97,0,50
1790871001172,5,167772160,98701312,5,79,0,50
1790871001222,5,167772160,103952384,5,90,0,50
1790871001272,5,167772160,109719552,6,97,0,50
1790871001322,5,167772160,115499008,6,97,0,50
1790871001372,5,167772160,120336384,6,97,0,50
1790871001422,5,167772160,125992960,6,97,0,50
1790871001472,5,167772160,130469888,6,97,0,50
1790871001522,5,167772160,102903808,5,79,0,50
1790871001572,5,167772160,109142016,6,97,0,50
1790871001622,5,167772160,114446336,6,97,0,50
1790871001672,5,167772160,119697408,6,97,0,50
1790871001722,5,167772160,124944384,6,97,0,50
1790871001772,5,167772160,130191360,6,97,0,50
1790871001822,5,167772160,101847040,5,79,0,50
1790871001872,5,167772160,107823104,6,97,0,50
1790871001922,5,167772160,113328128,6,97,0,50
1790871001972,5,167772160,117768192,6,97,0,50
1790871002022,5,167772160,123576320,6,97,0,50
1790871002072,5,167772160,129142784,6,97,0,50
1790871002122,5,167772160,100270080,5,79,0,50
1790871002172,5,167772160,106180608,6,97,0,50
1790871002222,5,167772160,111431680,6,97,0,50
1790871002272,5,167772160,116998144,6,97,0,50
1790871002322,5,167772160,122294272,6,97,0,50
1790871002372,5,167772160,127565824,6,97,0,50
1790871002422,5,167772160,99749888,5,79,0,50
1790871002472,5,167772160,105000960,6,97,0,50
1790871002522,5,167772160,110731264,6,97,0,50
1790871002572,5,167772160,116051968,6,97,0,50
1790871002622,5,167772160,121630720,6,97,0,50
1790871002672,5,167772160,125833216,6,97,0,50
1790871002722,5,167772160,98701312,5,79,0,50
1790871002772,5,167772160,104210432,5,90,0,50
1790871002822,5,167772160,109633536,6,97,0,50
1790871002872,5,167772160,114839552,6,97,0,50
1790871002922,5,167772160,119926784,6,97,0,50
1790871002972,5,167772160,125587456,6,97,0,50
1790871003022,5,167772160,130715648,6,97,0,50
1790871003072,5,167772160,103555072,6,97,0,50
1790871003122,5,167772160,108670976,6,97,0,50
1790871003172,5,167772160,114094080,6,97,0,50
1790871003222,5,167772160,119136256,6,97,0,50
1790871003272,5,167772160,124342272,6,97,0,50
1790871003322,5,167772160,129642496,6,97,0,50
1790871003372,5,167772160,101847040,5,79,0,50
1790871003422,5,167772160,107319296,6,97,0,50
1790871003472,5,167772160,113065984,6,97,0,50
1790871003522,5,167772160,117714944,6,97,0,50
1790871003572,5,167772160,123564032,6,97,0,50
1790871003622,5,167772160,128548864,6,97,0,50
1790871003672,5,167772160,100798464,5,79,0,50
1790871003722,5,167772160,106242048,5,90,0,50
1790871003772,5,167772160,111792128,6,97,0,50
1790871003822,5,167772160,116547584,6,97,0,50
1790871003872,5,167772160,121982976,6,97,0,50
1790871003922,5,167772160,127799296,6,97,0,50
1790871003972,5,167772160,99749888,5,79,0,50
1790871004022,5,167772160,105820160,6,97,0,50
1790871004072,5,167772160,111300608,6,97,0,50
1790871004122,5,167772160,116547584,6,97,0,50
1790871004172,5,167772160,121790464,6,97,0,50
1790871004222,5,167772160,126992384,6,97,0,50
1790871004272,5,167772160,98701312,5,79,0,50
1790871004322,5,167772160,104734720,6,97,0,50
1790871004372,5,167772160,109719552,6,97,0,50
1790871004422,5,167772160,115499008,6,97,0,50
1790871004472,5,167772160,120152064,6,97,0,50
1790871004522,5,167772160,124944384,6,97,0,50
1790871004572,5,167772160,130703360,6,97,0,50
1790871004622,5,167772160,102903808,5,90,0,50
1790871004672,5,167772160,109199360,6,97,0,50
1790871004722,5,167772160,114446336,6,97,0,50
1790871004772,5,167772160,119697408,6,97,0,50
1790871004822,5,167772160,124944384,6,97,0,50
1790871004872,5,167772160,130191360,6,97,0,50
1790871004922,5,167772160,102903808,5,90,0,50
1790871004972,5,167772160,108150784,6,97,0,50
1790871005022,5,167772160,113397760,6,97,0,50
1790871005072,5,167772160,118644736,6,97,0,50
1790871005122,5,167772160,123895808,6,97,0,50
1790871005172,5,167772160,129142784,6,97,0,50
1790871005222,5,167772160,101056512,5,79,0,50
1790871005272,5,167772160,107102208,5,79,0,50
1790871005322,5,167772160,112349184,6,98,0,50
1790871005372,5,167772160,117596160,6,98,0,50
1790871005422,5,167772160,122769408,6,98,0,50
1790871005472,5,167772160,128094208,6,98,0,50
1790871005522,5,167772160,99819520,5,80,0,50
1790871005572,5,167772160,106049536,5,80,0,50
1790871005622,5,167772160,111300608,6,97,0,50
1790871005672,5,167772160,116547584,6,97,0,50
1790871005722,5,167772160,121794560,6,97,0,50
1790871005772,5,167772160,127041536,6,97,0,50
1790871005822,5,167772160,98701312,5,79,0,50
1790871005872,5,167772160,105000960,5,79,0,50
1790871005922,5,167772160,110247936,5,90,0,50
1790871005972,5,167772160,115499008,6,98,0,50
1790871006022,5,167772160,120745984,6,98,0,50
1790871006072,5,167772160,125992960,6,98,0,50
1790871006122,5,167772160,98701312,5,80,0,50
1790871006172,5,167772160,103952384,5,80,0,50
1790871006222,5,167772160,109199360,5,80,0,50
1790871006272,5,167772160,114446336,5,90,0,50
1790871006322,5,167772160,119697408,5,90,0,50
1790871006372,5,167772160,124944384,5,90,0,50
1790871006422,5,167772160,130191360,5,90,0,50
1790871006472,4,134217728,70356992,3,54,0,50
1790871006522,4,134217728,75603968,3,54,0,50
1790871006572,4,134217728,80850944,3,54,0,50
1790871006622,4,134217728,86097920,4,62,0,50
1790871006672,4,134217728,91348992,4,62,0,50
1790871006722,4,134217728,96595968,4,62,0,50
1790871006772,5,167772160,101847040,4,62,0,50
1790871006822,5,167772160,107102208,4,62,0,50
1790871006872,5,167772160,112349184,4,62,0,50
1790871006922,5,167772160,117596160,4,62,0,50
1790871006972,5,167772160,122843136,4,62,0,50
1790871007022,5,167772160,128094208,4,62,0,50
1790871007072,4,134217728,68251648,2,36,0,50
1790871007122,4,134217728,73502720,2,36,0,50
1790871007172,4,134217728,78753792,2,36,0,50
1790871007222,4,134217728,84000768,2,36,0,50
1790871007272,4,134217728,89247744,2,36,0,50
1790871007322,4,134217728,94494720,2,36,0,50
1790871007372,5,167772160,99426304,2,36,0,50
1790871007422,5,167772160,105000960,2,36,0,50
1790871007472,5,167772160,110247936,3,54,0,50
1790871007522,5,167772160,115499008,3,54,0,50
1790871007572,5,167772160,120745984,3,54,0,50
1790871007622,5,167772160,125992960,3,54,0,50
1790871007672,5,167772160,98701312,3,54,0,50
1790871007722,5,167772160,103952384,3,54,0,50
1790871007772,5,167772160,109182976,3,54,0,50
1790871007822,5,167772160,114446336,3,54,0,50
1790871007872,5,167772160,119697408,3,54,0,50
1790871007922,5,167772160,124944384,3,54,0,50
1790871007972,5,167772160,130191360,3,54,0,50
1790871008022,4,134217728,70356992,3,54,0,50
1790871008072,4,134217728,75603968,3,54,0,50
1790871008122,4,134217728,80850944,3,54,0,50
1790871008172,4,134217728,86097920,3,54,0,50
1790871008222,4,134217728,91348992,3,54,0,50
1790871008272,4,134217728,96595968,3,54,0,50
1790871008322,4,134217728,69300224,3,54,0,50
1790871008372,4,134217728,74555392,3,54,0,50
1790871008422,4,134217728,79802368,3,54,0,50
1790871008472,4,134217728,85049344,3,54,0,50
1790871008522,4,134217728,90296320,3,54,0,50
1790871008572,4,134217728,95547392,3,54,0,50
1790871008622,4,134217728,68251648,3,54,0,50
1790871008672,4,134217728,73502720,3,54,0,50
1790871008722,4,134217728,78753792,3,54,0,50
1790871008772,4,134217728,84000768,3,54,0,50
1790871008822,4,134217728,89247744,3,54,0,50
1790871008872,4,134217728,94494720,3,54,0,50
1790871008922,4,134217728,67203072,3,54,0,50
1790871008972,4,134217728,72454144,3,54,0,50
1790871009022,4,134217728,77701120,3,54,0,50
1790871009072,4,134217728,82952192,3,54,0,50
1790871009122,4,134217728,88199168,6,108,0,50
1790871009172,4,134217728,93446144,6,108,0,50
1790871009222,4,134217728,66154496,6,108,0,50
1790871009272,4,134217728,71405568,6,108,0,50
1790871009322,4,134217728,76652544,6,108,0,50
1790871009372,4,134217728,81899520,6,108,0,50
1790871009422,4,134217728,87150592,6,108,0,50
1790871009472,4,134217728,92397568,6,108,0,50
1790871009522,4,134217728,97644544,6,108,0,50
1790871009572,4,134217728,70356992,6,108,0,50
1790871009622,4,134217728,75603968,6,108,0,50
1790871009672,4,134217728,80850944,6,108,0,50
1790871009722,4,134217728,86097920,6,108,0,50
1790871009772,4,134217728,91348992,6,108,0,50
1790871009822,4,134217728,96595968,6,108,0,50
1790871009872,4,134217728,69300224,6,108,0,50
1790871009922,4,134217728,74555392,6,108,0,50
1790871009972,4,134217728,79802368,6,108,0,50
1790871010022,4,134217728,85049344,6,108,0,50
1790871010072,4,134217728,90296320,6,108,0,50
1790871010122,4,134217728,95547392,6,108,0,50
1790871010172,4,134217728,68251648,6,108,0,50
1790871010222,4,134217728,73502720,6,108,0,50
1790871010272,4,134217728,78753792,6,108,0,50
1790871010322,4,134217728,84000768,6,108,0,50
1790871010372,4,134217728,89247744,6,108,0,50
1790871010422,4,134217728,94494720,6,108,0,50
1790871010472,4,134217728,67203072,6,108,0,50
1790871010522,4,134217728,72454144,6,108,0,50
1790871010572,4,134217728,77701120,6,108,0,50
1790871010622,4,134217728,82952192,6,108,0,50
1790871010672,4,134217728,88199168,6,108,0,50
1790871010722,4,134217728,93446144,6,108,0,50
1790871010772,4,134217728,66154496,6,108,0,50
1790871010822,4,134217728,71405568,6,108,0,50
1790871010872,4,134217728,76652544,6,108,0,50
1790871010922,4,134217728,81899520,6,108,0,50
1790871010972,4,134217728,87150592,6,108,0,50
1790871011022,4,134217728,92397568,6,108,0,50
1790871011072,4,134217728,97644544,6,108,0,50
1790871011122,4,134217728,70356992,6,108,0,50
1790871011172,4,134217728,75603968,6,108,0,50
1790871011222,4,134217728,80850944,6,108,0,50
1790871011272,4,134217728,86097920,6,108,0,50
1790871011322,4,134217728,91348992,6,108,0,50
1790871011372,4,134217728,96595968,6,108,0,50
1790871011422,4,134217728,69300224,6,108,0,50
1790871011472,4,134217728,74555392,6,108,0,50
1790871011522,4,134217728,79802368,6,108,0,50
1790871011572,4,134217728,85049344,6,108,0,50
1790871011622,4,134217728,90296320,6,108,0,50
1790871011672,4,134217728,95547392,6,108,0,50
1790871011722,4,134217728,68251648,6,108,0,50
1790871011772,4,134217728,73502720,6,108,0,50
1790871011822,4,134217728,78753792,6,108,0,50
1790871011872,4,134217728,84000768,6,108,0,50
1790871011922,4,134217728,89247744,6,108,0,50
1790871011972,4,134217728,94494720,6,108,0,50
1790871012022,4,134217728,67203072,6,108,0,50
1790871012072,4,134217728,72454144,6,108,0,50
1790871012122,4,134217728,73502720,6,108,0,50
1790871012172,4,134217728,73502720,6,108,0,50
1790871012222,4,134217728,73502720,6,108,0,50
1790871012272,4,134217728,73502720,11,198,0,50
1790871012322,4,134217728,73502720,11,198,0,50
1790871012372,4,134217728,73502720,11,198,0,50
1790871012422,4,134217728,73502720,11,198,0,50
1790871012472,4,134217728,73502720,11,198,0,50
1790871012522,4,134217728,73502720,11,198,0,50
1790871012572,4,134217728,73502720,11,198,0,50
1790871012622,4,134217728,73502720,11,198,0,50
1790871012672,4,134217728,73502720,11,198,0,50
1790871012722,4,134217728,73502720,11,198,0,50
1790871012772,4,134217728,73502720,11,198,0,50
1790871012822,4,134217728,73502720,11,198,0,50
1790871012872,4,134217728,73502720,11,198,0,50
1790871012922,4,134217728,73502720,11,198,0,50
1790871012972,4,134217728,73502720,11,198,0,50
1790871013022,4,134217728,73502720,11,198,0,50
1790871013072,4,134217728,73502720,11,198,0,50
1790871013122,4,134217728,73502720,11,198,0,50
1790871013172,4,134217728,73502720,11,198,0,50
1790871013222,4,134217728,73502720,11,198,0,50
1790871013272,4,134217728,73502720,11,198,0,50
1790871013322,4,134217728,73502720,11,198,0,50
1790871013372,4,134217728,73502720,11,198,0,50
1790871013422,4,134217728,73502720,11,198,0,50
1790871013472,4,134217728,73502720,11,198,0,50
1790871013522,4,134217728,73502720,11,198,0,50
1790871013572,4,134217728,73502720,11,198,0,50
1790871013622,4,134217728,73502720,11,198,0,50
1790871013672,4,134217728,73502720,11,198,0,50
1790871013722,4,134217728,73502720,11,198,0,50
1790871013772,4,134217728,73502720,11,198,0,50
1790871013822,4,134217728,73502720,11,198,0,50
1790871013872,4,134217728,73502720,11,198,0,50
1790871013922,4,134217728,73502720,11,198,0,50
1790871013972,4,134217728,73502720,11,198,0,50
1790871014022,4,134217728,73502720,11,198,0,50
1790871014072,4,134217728,73502720,11,198,0,50
1790871014122,4,134217728,73502720,11,198,0,50
1790871014172,4,134217728,73502720,11,198,0,50
1790871014222,4,134217728,73502720,11,198,0,50
1790871014272,4,134217728,73502720,11,198,0,50
1790871014322,4,134217728,73502720,11,198,0,50
1790871014372,4,134217728,73502720,11,198,0,50
1790871014422,4,134217728,73502720,11,198,0,50
1790871014472,4,134217728,73502720,11,198,0,50
1790871014522,4,134217728,73502720,11,198,0,50
1790871014572,4,134217728,73502720,11,198,0,50
1790871014622,4,134217728,73502720,11,198,0,50
1790871014672,4,134217728,73502720,11,198,0,50
1790871014722,4,134217728,73502720,11,198,0,50
1790871014772,4,134217728,73502720,11,198,0,50
1790871014822,4,134217728,73502720,11,198,0,50
1790871014872,4,134217728,73502720,11,198,0,50
1790871014922,4,134217728,73502720,11,198,0,50
1790871014972,4,134217728,73502720,11,198,0,50
1790871015022,4,134217728,73502720,11,198,0,50
1790871015072,4,134217728,73502720,11,198,0,50
1790871015122,4,134217728,73502720,11,198,0,50
1790871015172,4,134217728,73502720,11,198,0,50
1790871015222,4,134217728,73502720,11,198,0,50
1790871015272,4,134217728,73502720,11,198,0,50
1790871015322,4,134217728,73502720,11,198,0,50
1790871015372,4,134217728,73502720,11,198,0,50
1790871015422,4,134217728,73502720,11,198,0,50
1790871015472,4,134217728,73502720,11,198,0,50
1790871015522,4,134217728,73502720,11,198,0,50
1790871015572,4,134217728,73502720,11,198,0,50
1790871015622,4,134217728,73502720,11,198,0,50
1790871015672,4,134217728,73502720,11,198,0,50
1790871015722,4,134217728,73502720,11,198,0,50
1790871015772,4,134217728,73502720,11,198,0,50
1790871015822,4,134217728,73502720,11,198,0,50
1790871015872,4,134217728,73502720,11,198,0,50
1790871015922,4,134217728,73502720,11,198,0,50
1790871015972,4,134217728,73502720,11,198,0,50
1790871016022,4,134217728,73502720,11,198,0,50
1790871016072,4,134217728,73502720,11,198,0,50
1790871016122,4,134217728,73502720,11,198,0,50
1790871016172,4,134217728,73502720,11,198,0,50
1790871016222,4,134217728,73502720,11,198,0,50
1790871016272,4,134217728,73502720,11,198,0,50
1790871016322,4,134217728,73502720,11,198,0,50
1790871016372,4,134217728,73502720,11,198,0,50
1790871016422,4,134217728,73502720,11,198,0,50
1790871016472,4,134217728,73502720,11,198,0,50
1790871016522,4,134217728,73502720,11,198,0,50
1790871016572,4,134217728,73502720,11,198,0,50
1790871016622,4,134217728,73502720,11,198,0,50
1790871016672,4,134217728,73502720,11,198,0,50
1790871016722,4,134217728,73502720,11,198,0,50
1790871016772,4,134217728,73502720,11,198,0,50
1790871016822,4,134217728,73502720,11,198,0,50
1790871016872,4,134217728,73502720,11,198,0,50
1790871016922,4,134217728,73502720,11,198,0,50
1790871016972,4,134217728,73502720,11,198,0,50
1790871017022,4,134217728,73502720,11,198,0,50
1790871017072,4,134217728,73502720,11,198,0,50
1790871017122,4,134217728,73502720,11,198,0,50
1790871017172,4,134217728,73502720,11,198,0,50
1790871017222,4,134217728,73502720,11,198,0,50
1790871017272,4,134217728,73502720,11,198,0,50
1790871017322,4,134217728,73502720,11,198,0,50
1790871017372,4,134217728,73502720,11,198,0,50
1790871017422,4,134217728,73502720,11,198,0,50
1790871017472,4,134217728,73502720,11,198,0,50
1790871017522,4,134217728,73502720,11,198,0,50
1790871017572,4,134217728,73502720,11,198,0,50
1790871017622,4,134217728,73502720,11,198,0,50
1790871017672,4,134217728,73502720,11,198,0,50
1790871017722,4,134217728,73502720,11,198,0,50
1790871017772,4,134217728,73502720,11,198,0,50
1790871017822,4,134217728,73502720,11,198,0,50
1790871017872,4,134217728,73502720,11,198,0,50
