label,arm,idx,ts_epoch,available,requested,sim_requested
f01,C,0,1791425511.810,52953514,529529271,529529271
f01,C,1,1791425511.812,52953514,463337922,463337922
f01,C,2,1791425511.814,52953514,397146608,397146608
f01,C,3,1791425511.815,52953514,330955334,330955334
f01,C,4,1791425511.817,52953514,264764065,264764065
f01,C,5,1791425511.818,52953514,198572817,198572817
f01,C,6,1791425511.820,52953514,132381616,132381616
f01,C,7,1791425511.821,52953514,66190626,66190626
f01,H1,0,1791425522.367,52953514,529529271,529529271
f01,H1,1,1791425522.369,52953514,463337922,463337922
f01,H1,2,1791425522.370,52953514,397146608,397146608
f01,H1,3,1791425522.372,52953514,330955334,330955334
f01,H1,4,1791425522.373,52953514,264764065,264764065
f01,H1,5,1791425522.374,52953514,198572817,198572817
f01,H1,6,1791425522.375,52953514,132381616,132381616
f01,H1,7,1791425522.376,52953514,66190626,66190626
