label,arm,pk,B,outcome,est,entries,bytes,command,cache_entries_before,cache_entries_after,cache_size_before,cache_size_after,rowindexsize_count_delta,aborts_delta,codes
s16m,ladder pk1,1,100,OK,11099,100,2299,"['null', 'null', 'null', 'null', 'null', 'null', 'null', 'null', 'null', 'ks1.t']",1,2,80,208,1,0,
s16m,ladder pk2,2,141,OK,15651,141,3243,"['null', 'null', 'null', 'null', 'null', 'null', 'null', 'null', 'null', 'ks1.t']",1,2,80,208,1,0,
s16m,ladder pk3,3,200,OK,22200,200,4600,"['null', 'null', 'null', 'null', 'null', 'null', 'null', 'null', 'null', 'ks1.t']",1,2,80,208,1,0,
s16m,ladder pk4,4,283,OK,31413,283,6509,"['null', 'null', 'null', 'null', 'null', 'null', 'null', 'null', 'null', 'ks1.t']",1,2,80,208,1,0,
s16m,ladder pk5,5,400,OK,44400,400,9200,"['null', 'null', 'null', 'null', 'null', 'null', 'null', 'null', 'null', 'ks1.t']",1,2,80,208,1,0,
s16m,ladder pk6,6,566,OK,62826,566,13018,"['null', 'null', 'null', 'null', 'null', 'null', 'null', 'null', 'null', 'ks1.t']",1,2,80,208,1,0,
s16m,ladder pk7,7,800,OK,88800,800,18400,"['null', 'null', 'null', 'null', 'null', 'null', 'null', 'null', 'null', 'ks1.t']",1,2,80,208,1,0,
s16m,ladder pk8,8,1131,OK,125541,1131,26013,"['null', 'null', 'null', 'null', 'null', 'null', 'null', 'null', 'null', 'ks1.t']",1,2,80,208,1,0,
s16m,ladder pk9,9,1600,OK,177600,1600,36800,"['null', 'null', 'null', 'null', 'null', 'null', 'null', 'null', 'null', 'ks1.t']",1,2,80,208,1,0,
s16m,ladder pk10,10,2263,OK,251731,2263,52587,"['null', 'null', 'null', 'null', 'null', 'null', 'null', 'null', 'null', 'ks1.t']",1,2,80,208,1,0,
s16m,ladder pk11,11,3200,OK,356676,3200,75076,"['null', 'null', 'null', 'null', 'null', 'null', 'null', 'null', 'null', 'ks1.t']",1,2,80,208,1,0,
