phase,ms,links,link_bytes,link_alloc_bytes,idx_files,idx_bytes,Failures,WARN_lines,segments_created,segments_forbidden
idle,1790872343301,2,67108864,69632,0,0,0,0,2,0
A,1790872354401,5,167772160,92925952,8,144,0,0,18,0
B,1790872356601,5,167772160,109199360,14,242,,0,18,0
B,1790872361601,5,167772160,109199360,14,242,,0,18,0
B,1790872366651,5,167772160,99749888,13,223,,0,32,0
B,1790872371651,5,167772160,103600128,13,234,,0,48,0
B,1790872376701,5,167772160,113397760,14,241,,0,64,0
B,1790872381701,5,167772160,117596160,14,241,,0,80,0
B,1790872386751,4,134217728,95461376,10,180,,0,96,0
B,1790872391751,4,134217728,66945024,15,270,,0,113,0
Bend,1790872396801,4,134217728,85049344,21,378,0,0,115,0
