label,scenario,rf,peer,X_trace_max_pending,accepted,refused,M,first_refusal,jmx_pending_late,overload_delta,timeout_delta_before_lift,timeout_delta_after_drain,completed_delta_drain,reserve_max_table,stress_errors,heap_delta
peer,B-rf1,1,R1,5114304,39,93231,131136,INSUFFICIENT_GLOBAL,5114304,93231,0,39,0,920000,9327,7920
peer,B-rf1,1,R2,0,0,0,131136,,0,0,0,0,0,0,,
peer,B-rf1,1,R3,0,0,0,131136,,0,0,0,0,0,0,,
peer,B-rf2,2,R1,4720932,36,90954,131137,INSUFFICIENT_GLOBAL,4720932,90954,0,36,0,526628,9099,16153
peer,B-rf2,2,R2,4589795,35,90955,131137,INSUFFICIENT_GLOBAL,4589795,90955,0,35,0,395491,,
peer,B-rf2,2,R3,0,0,0,131137,,0,0,0,0,0,0,,
peer,B-rf3,3,R1,5114343,39,72021,131137,INSUFFICIENT_GLOBAL,5114343,72021,0,39,0,920039,7206,18803
peer,B-rf3,3,R2,4196384,32,72028,131137,INSUFFICIENT_GLOBAL,4196384,72028,0,32,0,2080,,
peer,B-rf3,3,R3,4196384,32,72028,131137,INSUFFICIENT_GLOBAL,4196384,72028,0,32,0,2080,,
