epoch,avail,du_t,du_t2,du_slow,tasks
1791425795.631,2317283328,531132517,531135206,531133974,{}
1791425796.132,2317283328,531132517,531135206,531133974,{}
1791425796.632,2317283328,531132517,531135206,531133974,{}
1791425797.132,2317283328,531132517,531135206,531133974,{}
1791425797.632,2317283328,531132517,531135206,531133974,{}
1791425798.132,2317283328,531132517,531135206,531133974,{}
1791425798.632,2317283328,531132517,531135206,531133974,{}
1791425799.132,2317283328,531132517,531135206,531133974,{}
1791425799.632,2317283328,531132517,531135206,531133974,{}
1791425800.132,2317283328,531132517,531135206,531133974,{}
1791425800.632,2317283328,531132517,531135206,531133974,{}
1791425801.132,2317283328,531132517,531135206,531133974,{}
1791425801.632,2317283328,531132517,531135206,531133974,{}
1791425802.132,2317283328,531132517,531135206,531133974,{}
1791425802.632,2317283328,531132517,531135206,531133974,{}
1791425803.132,2317283328,531132517,531135206,531133974,{}
1791425803.632,2317283328,531132517,531135206,531133974,{}
1791425804.132,2317283328,531132517,531135206,531133974,{}
1791425804.632,2317283328,531132517,531135206,531133974,{}
1791425805.132,2317283328,531132517,531135206,531133974,{}
1791425805.632,2317283328,531132517,531135206,531133974,{}
1791425806.132,2317283328,531132517,531135206,531133974,{}
1791425806.632,2317283328,531132517,531135206,531133974,{}
1791425807.132,2317283328,531132517,531135206,531133974,{}
1791425807.632,2317283328,531132517,531135206,531133974,{}
1791425808.132,2317283328,531132517,531135206,531133974,{}
1791425808.632,2317283328,531132517,531135206,531133974,{}
1791425809.132,2317283328,531132517,531135206,531133974,{}
1791425809.632,2317283328,531132517,531135206,531133974,{}
1791425810.132,2317283328,531132517,531135206,531133974,{}
1791425810.632,2317283328,531132517,531135206,531133974,{}
1791425811.132,2317283328,531132517,531135206,531133974,{}
1791425811.632,2317283328,531132517,531135206,531133974,{}
1791425812.132,2317283328,531132517,531135206,531133974,{}
1791425812.632,2317283328,531132517,531135206,531133974,{}
1791425813.132,2317283328,531132517,531135206,531133974,{}
1791425813.632,2317283328,531132517,531135206,531133974,{}
1791425814.132,2317283328,531132517,531135206,531133974,{}
1791425814.632,2317283328,531132517,531135206,531133974,{}
1791425815.132,2317283328,531132517,531135206,531133974,{}
1791425815.632,2317283328,531132517,531135206,531133974,{}
1791425816.132,2317283328,531132517,531135206,531133974,{}
1791425816.632,2317283328,531132517,531135206,531133974,{}
1791425817.132,2317283328,531132517,531135206,531133974,{}
1791425817.632,2317283328,531132517,531135206,531133974,{}
1791425818.132,2317283328,531132517,531135206,531133974,{}
1791425818.632,2317283328,531132517,531135206,531133974,{}
1791425819.132,2317283328,531132517,531135206,531133974,{}
1791425819.632,2317283328,531132517,531135206,531133974,{}
1791425820.132,2317283328,531132517,531135206,531133974,{}
1791425820.632,2317283328,531132517,531135206,531133974,{}
1791425821.132,2317283328,531132517,531135206,531133974,{}
1791425821.632,2317283328,531132517,531135206,531133974,{}
1791425822.132,2317283328,531132517,531135206,531133974,{}
1791425822.632,2317283328,531132517,531135206,531133974,{}
1791425823.132,2317283328,531132517,531135206,531133974,{}
1791425823.632,2317283328,531132517,531135206,531133974,{}
1791425824.132,2317283328,531132517,531135206,531133974,{}
1791425824.632,2317283328,531132517,531135206,531133974,{}
1791425825.132,2317283328,531132517,531135206,531133974,{}
1791425825.632,2317283328,531132517,531135206,531133974,{}
1791425826.132,2317283328,531132517,531135206,531133974,{}
1791425826.632,2317283328,531132517,531135206,531133974,{}
1791425827.132,2317283328,531132517,531135206,531133974,{}
1791425827.632,2317283328,531132517,531135206,531133974,{}
1791425828.132,2317283328,531132517,531135206,531133974,{}
1791425828.632,2317283328,531132517,531135206,531133974,{}
1791425829.132,2317283328,531132517,531135206,531133974,{}
1791425829.632,2317283328,531132517,531135206,531133974,{}
1791425830.132,2317283328,531132517,531135206,531133974,{}
1791425830.632,2317283328,531132517,531135206,531133974,{}
1791425831.132,2317283328,531132517,531135206,531133974,{}
1791425831.632,2317283328,531132517,531135206,531133974,{}
1791425832.132,2317283328,531132517,531135206,531133974,{}
1791425832.632,2317283328,531132517,531135206,531133974,{}
1791425833.132,2317283328,531132517,531135206,531133974,{}
1791425833.632,2317283328,531132517,531135206,531133974,{}
1791425834.132,2317283328,531132517,531135206,531133974,{}
1791425834.632,2317283328,531132517,531135206,531133974,{}
1791425835.132,2317283328,531132517,531135206,531133974,{}
1791425835.632,2317283328,531132517,531135206,531133974,{}
1791425836.132,2317283328,531132517,531135206,531133974,{}
1791425836.632,2317283328,531132517,531135206,531133974,{}
1791425837.132,2317283328,531132517,531135206,531133974,{}
1791425837.632,2317283328,531132517,531135206,531133974,{}
1791425838.132,2317283328,531132517,531135206,531133974,{}
1791425838.632,2317283328,531132517,531135206,531133974,{}
1791425839.132,2317283328,531132517,531135206,531133974,{}
1791425839.632,2317283328,531132517,531135206,531133974,{}
1791425840.132,2317283328,531132517,531135206,531133974,{}
1791425840.632,2317283328,531132517,531135206,531133974,{}
1791425841.132,2317283328,531132517,531135206,531133974,{}
1791425841.632,2317283328,531132517,531135206,531133974,{}
1791425842.132,2317283328,531132517,531135206,531133974,{}
1791425842.632,2317283328,531132517,531135206,531133974,{}
1791425843.132,2317283328,531132517,531135206,531133974,{}
1791425843.632,2317283328,531132517,531135206,531133974,{}
1791425844.132,2317283328,531132517,531135206,531133974,{}
1791425844.632,2317283328,531132517,531135206,531133974,{}
1791425845.132,2317283328,531132517,531135206,531133974,{}
1791425845.632,2317283328,531132517,531135206,531133974,{}
1791425846.132,2317283328,531132517,531135206,531133974,{}
1791425846.632,2317283328,531132517,531135206,531133974,{}
1791425847.132,2317283328,531132517,531135206,531133974,{}
1791425847.632,2310565888,537877862,531135206,531133974,"{""t"": [6436881, 527298945, 529527558, ""major compaction""]}"
1791425848.132,2284916736,563526374,531135206,531133974,"{""t"": [31926463, 527298945, 529527558, ""major compaction""]}"
1791425848.632,2238357504,610156738,531135206,531133974,"{""t"": [78013678, 527298945, 529527558, ""major compaction""]}"
1791425849.132,2177007616,671499158,531135206,531133974,"{""t"": [139034181, 527298945, 529527558, ""major compaction""]}"
1791425849.632,2117091328,731432492,531135206,531133974,"{""t"": [198767287, 527298945, 529527558, ""major compaction""]}"
1791425850.132,2083495936,764994517,531135206,531133974,"{""t"": [231980952, 527298945, 529527558, ""major compaction""]}"
1791425850.632,2049839104,798654875,531135206,531133974,"{""t"": [265452114, 527298945, 529527558, ""major compaction""]}"
1791425851.132,2016292864,832183584,531135206,531133974,"{""t"": [298923193, 527298945, 529527558, ""major compaction""]}"
1791425851.632,1982451712,866041057,531135206,531133974,"{""t"": [332394309, 527298945, 529527558, ""major compaction""]}"
1791425852.132,1948839936,899669073,531135206,531133974,"{""t"": [365608001, 527298945, 529527558, ""major compaction""]}"
1791425852.632,1915310080,933099502,531135206,531133974,"{""t"": [399079072, 527298945, 529527558, ""major compaction""]}"
1791425853.132,1881698304,966792921,531135206,531133974,"{""t"": [432550114, 527298945, 529527558, ""major compaction""]}"
1791425853.632,1848053760,1000370736,531135206,531133974,"{""t"": [466021179, 527298945, 529527558, ""major compaction""]}"
1791425854.132,1814446080,1034064172,531135206,531133974,"{""t"": [499492341, 527298945, 529527558, ""major compaction""]}"
1791425854.632,1786617856,1061786057,531135206,531133974,"{""t"": [527298944, 527298945, 529527558, ""major compaction""]}"
1791425855.132,1786617856,1061786057,531135206,531133974,"{""t"": [527298944, 527298945, 529527558, ""major compaction""]}"
1791425855.632,2317398016,531124631,531135206,531133974,{}
1791425856.132,2317398016,531124631,531135206,531133974,{}
1791425856.632,2317398016,531124631,531135206,531133974,{}
1791425857.132,2317398016,531124631,531135206,531133974,{}
1791425857.632,2317398016,531124631,531135206,531133974,{}
1791425858.132,2317398016,531124631,531135206,531133974,{}
1791425858.632,2317398016,531124631,531135206,531133974,{}
1791425859.132,2317398016,531124631,531135206,531133974,{}
1791425859.632,2317398016,531124631,531135206,531133974,{}
1791425860.132,2317398016,531124631,531135206,531133974,{}
1791425860.632,2317398016,531124631,531135206,531133974,{}
1791425861.132,2317398016,531124631,531135206,531133974,{}
1791425861.632,2317398016,531124631,531135206,531133974,{}
1791425862.132,2317398016,531124631,531135206,531133974,{}
1791425862.632,2317398016,531124631,531135206,531133974,{}
1791425863.132,2317398016,531124631,531135206,531133974,{}
1791425863.632,2317398016,531124631,531135206,531133974,{}
1791425864.132,2317398016,531124631,531135206,531133974,{}
1791425864.632,2317398016,531124631,531135206,531133974,{}
1791425865.132,2317398016,531124631,531135206,531133974,{}
1791425865.632,2317398016,531124631,531135206,531133974,{}
1791425866.132,2317398016,531124631,531135206,531133974,{}
1791425866.632,2314199040,531124631,531135206,534424380,"{""slow"": [2832280, 527298120, 529529017, ""major compaction""]}"
1791425867.132,2310909952,531124631,531135206,537616143,"{""slow"": [6436866, 527298120, 529529017, ""major compaction""]}"
1791425867.632,2308820992,531124631,531135206,539722009,"{""slow"": [8496625, 527298120, 529529017, ""major compaction""]}"
1791425868.132,2306715648,531124631,531135206,541811515,"{""slow"": [10556391, 527298120, 529529017, ""major compaction""]}"
1791425868.632,2304602112,531124631,531678163,543374332,"{""slow"": [12101203, 527298120, 529529017, ""major compaction""], ""t2"": [514981, 197737047, 198572900, ""major compaction""]}"
1791425869.132,2302529536,531124631,532731085,544410810,"{""slow"": [13131074, 527298120, 529529017, ""major compaction""], ""t2"": [1544862, 197737047, 198572900, ""major compaction""]}"
1791425869.632,2300424192,531124631,533767553,545463834,"{""slow"": [14160959, 527298120, 529529017, ""major compaction""], ""t2"": [2574740, 197737047, 198572900, ""major compaction""]}"
1791425870.132,2279481344,531124631,544510908,555696931,"{""slow"": [24202289, 527298120, 529529017, ""major compaction""], ""t2"": [13131022, 197737047, 198572900, ""major compaction""]}"
1791425870.632,2245935104,531124631,561687462,572115820,"{""slow"": [40422930, 527298120, 529529017, ""major compaction""], ""t2"": [30124052, 197737047, 198572900, ""major compaction""]}"
1791425871.132,2212290560,531124631,578995491,588518215,"{""slow"": [56901017, 527298120, 529529017, ""major compaction""], ""t2"": [47374553, 197737047, 198572900, ""major compaction""]}"
1791425871.632,2178531328,531124631,595990746,605298865,"{""slow"": [73379101, 527298120, 529529017, ""major compaction""], ""t2"": [64110134, 197737047, 198572900, ""major compaction""]}"
1791425872.132,2144931840,531124631,613003070,621849528,"{""slow"": [89857175, 527298120, 529529017, ""major compaction""], ""t2"": [81103133, 197737047, 198572900, ""major compaction""]}"
1791425872.632,2111242240,531124631,630145779,638399864,"{""slow"": [106335293, 527298120, 529529017, ""major compaction""], ""t2"": [98096167, 197737047, 198572900, ""major compaction""]}"
1791425873.132,2077237248,531124631,647025910,655509093,"{""slow"": [123070823, 527298120, 529529017, ""major compaction""], ""t2"": [114831721, 197737047, 198572900, ""major compaction""]}"
1791425873.632,2043920384,531124631,663675361,672207734,"{""slow"": [140063864, 527298120, 529529017, ""major compaction""], ""t2"": [131309831, 197737047, 198572900, ""major compaction""]}"
1791425874.132,2010275840,531124631,680555752,688971688,"{""slow"": [156541946, 527298120, 529529017, ""major compaction""], ""t2"": [148302853, 197737047, 198572900, ""major compaction""]}"
1791425874.632,1976598528,531124631,697797605,705398390,"{""slow"": [172762561, 527298120, 529529017, ""major compaction""], ""t2"": [165295847, 197737047, 198572900, ""major compaction""]}"
1791425875.132,1943101440,531124631,714645206,722039781,"{""slow"": [189498065, 527298120, 529529017, ""major compaction""], ""t2"": [182031443, 197737047, 198572900, ""major compaction""]}"
1791425875.632,1909538816,531124631,730107397,740202649,"{""slow"": [207263493, 527298120, 529529017, ""major compaction""], ""t2"": [197737046, 197737047, 198572900, ""major compaction""]}"
1791425876.132,2074918912,531124631,531120525,773764406,"{""slow"": [240734564, 527298120, 529529017, ""major compaction""]}"
1791425876.632,2041339904,531124631,531120525,807408316,"{""slow"": [274205667, 527298120, 529529017, ""major compaction""]}"
1791425877.132,2007646208,531124631,531120525,841118009,"{""slow"": [307676707, 527298120, 529529017, ""major compaction""]}"
1791425877.632,1973936128,531124631,531120525,874751606,"{""slow"": [341147765, 527298120, 529529017, ""major compaction""]}"
1791425878.132,1940307968,531124631,531120525,908412534,"{""slow"": [374361401, 527298120, 529529017, ""major compaction""]}"
1791425878.632,1906696192,531124631,531120525,942001232,"{""slow"": [407832379, 527298120, 529529017, ""major compaction""]}"
1791425879.132,1873100800,531124631,531120525,975645108,"{""slow"": [441303394, 527298120, 529529017, ""major compaction""]}"
1791425879.632,1839341568,531124631,531120525,1009322030,"{""slow"": [474774451, 527298120, 529529017, ""major compaction""]}"
1791425880.132,1805750272,531124631,531120525,1042916982,"{""slow"": [508245519, 527298120, 529529017, ""major compaction""]}"
1791425880.632,1786773504,531124631,531120525,1061787451,"{""slow"": [527298119, 527298120, 529529017, ""major compaction""]}"
1791425881.132,1786773504,531124631,531120525,1061787451,"{""slow"": [527298119, 527298120, 529529017, ""major compaction""]}"
1791425881.632,2317557760,531124631,531120525,531124565,{}
1791425882.132,2317557760,531124631,531120525,531124565,{}
1791425882.632,2317557760,531124631,531120525,531124565,{}
1791425883.132,2317557760,531124631,531120525,531124565,{}
1791425883.632,2317557760,531124631,531120525,531124565,{}
1791425884.132,2317557760,531124631,531120525,531124565,{}
1791425884.632,2317557760,531124631,531120525,531124565,{}
1791425885.132,2317557760,531124631,531120525,531124565,{}
1791425885.632,2317557760,531124631,531120525,531124565,{}
1791425886.132,2317557760,531124631,531120525,531124565,{}
1791425886.632,2317557760,531124631,531120525,531124565,{}
1791425887.132,2317557760,531124631,531120525,531124565,{}
1791425887.632,2317557760,531124631,531120525,531124565,{}
1791425888.132,2317557760,531124631,531120525,531124565,{}
1791425888.632,2317557760,531124631,531120525,531124565,{}
1791425889.132,2317557760,531124631,531120525,531124565,{}
1791425889.632,2317557760,531124631,531120525,531124565,{}
